id,level,phase,category,english,lithuanian_TARGET,accented_form_FILL_ME,notes
A2-0530,A1,P-F,Adjectives,busy,užimtas,,not in Wiktionary (en or lt)
A2-0563,A1,P-F,Adjectives,cheap (inexpensive),nebrangus,,not in Wiktionary (en or lt)
A2-0533,A1,P-F,Adjectives,closed,uždarytas,,not in Wiktionary (en or lt)
A2-0532,A1,P-F,Adjectives,open (adj),atidarytas,,not in Wiktionary (en or lt)
A2-0531,A1,P-F,Adjectives,ready,pasiruošęs,,not in Wiktionary (en or lt)
A2-0570,A1,P-F,Adjectives,salty,sūrus,,not in Wiktionary (en or lt)
A2-0540,A1,P-F,Adjectives,wrong,neteisingas,,not in Wiktionary (en or lt)
A2-0189,A1,P-B,Adverbs,enough,pakankamai,,not in Wiktionary (en or lt)
A2-0183,A1,P-B,Adverbs,separately,atskirai,,not in Wiktionary (en or lt)
A2-0179,A1,P-B,Adverbs,there,ten,,not in Wiktionary (en or lt)
A2-0708,A1,P-F,Clothing,jacket,striukė,,not in Wiktionary (en or lt)
A2-0707,A1,P-F,Clothing,jumper,megztinis,,not in Wiktionary (en or lt)
A2-0698,A1,P-F,Food,cabbage,kopūstas,,source gave an unstressed form — confirm
A2-0101,A1,P-A,Food,dessert,desertas,,not in Wiktionary (en or lt)
A2-0673,A1,P-F,Food,pancake,blynas,,not in Wiktionary (en or lt)
A2-0670,A1,P-F,Food,salad,salotos,,not in Wiktionary (en or lt)
A2-0100,A1,P-A,Food,snack,užkandis,,not in Wiktionary (en or lt)
A2-0889,A1,P-G,Formulas,Bon appétit,Skanaus,,not in Wiktionary (en or lt)
A2-0891,A1,P-G,Formulas,Congratulations!,Sveikinu!,,not in Wiktionary (en or lt)
A2-0887,A1,P-G,Formulas,Good luck!,Sėkmės!,,not in Wiktionary (en or lt)
A2-0885,A1,P-G,Formulas,Here you are,Prašom,,not in Wiktionary (en or lt)
A2-0884,A1,P-G,Formulas,Just a moment,Akimirką,,not in Wiktionary (en or lt)
A2-0883,A1,P-G,Formulas,Of course,Žinoma,,not in Wiktionary (en or lt)
A2-0901,A1,P-G,Getting by,A little,Truputį,,not in Wiktionary (en or lt)
A2-0641,A1,P-F,Home,bin,šiukšliadėžė,,not in Wiktionary (en or lt)
A2-0630,A1,P-F,Home,pillow,pagalvė,,not in Wiktionary (en or lt)
A2-0623,A1,P-F,Home,shelf,lentyna,,not in Wiktionary (en or lt)
A2-0087,A1,P-A,Home,wallet,piniginė,,not in Wiktionary (en or lt)
A2-0660,A1,P-F,Location,crossing,perėja,,not in Wiktionary (en or lt)
A2-0095,A1,P-A,Location,newspaper stand,kioskas,,not in Wiktionary (en or lt)
A2-0664,A1,P-F,Location,petrol station,degalinė,,not in Wiktionary (en or lt)
A2-0067,A1,P-A,Numbers,eighty,aštuoniasdešimt,,not in Wiktionary (en or lt)
A2-0064,A1,P-A,Numbers,fifty,penkiasdešimt,,not in Wiktionary (en or lt)
A2-0065,A1,P-A,Numbers,sixty,šešiasdešimt,,not in Wiktionary (en or lt)
A2-0062,A1,P-A,Numbers,thirty,trisdešimt,,not in Wiktionary (en or lt)
A2-0147,A1,P-B,Prepositions,about,apie,,source gave an unstressed form — confirm
A2-0136,A1,P-B,Prepositions,"in, into",į,,source gave an unstressed form — confirm
A2-0138,A1,P-B,Prepositions,with,su,,source gave an unstressed form — confirm
A2-0117,A1,P-B,Question words,whose,kieno,,not in Wiktionary (en or lt)
A2-0093,A1,P-A,Society,postcard,atvirukas,,not in Wiktionary (en or lt)
A2-0004,A1,P-A,Time,second,sekundė,,not in Wiktionary (en or lt)
A2-0728,A1,P-F,Transportation,seat,sėdynė,,not in Wiktionary (en or lt)
A2-0501,A1,P-F,Verbs,to celebrate,švęsti,,not in Wiktionary (en or lt)
A2-0451,A1,P-F,Verbs,to choose,pasirinkti,,not in Wiktionary (en or lt)
A2-0477,A1,P-F,Verbs,to lock,užrakinti,,not in Wiktionary (en or lt)
A2-0478,A1,P-F,Verbs,to unlock,atrakinti,,not in Wiktionary (en or lt)
A2-0821,A1,P-F,Work & culture,festival,šventė,,not in Wiktionary (en or lt)
A2-0816,A1,P-F,Work & culture,hobby,pomėgis,,not in Wiktionary (en or lt)
A2-0791,A1,P-F,Work & culture,musician,muzikantas,,not in Wiktionary (en or lt)
A2-0797,A1,P-F,Work & culture,notebook,sąsiuvinis,,not in Wiktionary (en or lt)
A2-0814,A1,P-F,Work & culture,photograph,nuotrauka,,source gave an unstressed form — confirm
A2-0800,A1,P-F,Work & culture,ruler,liniuotė,,not in Wiktionary (en or lt)
A2-0786,A1,P-F,Work & culture,waiter,padavėjas,,source gave an unstressed form — confirm
A2-0842,A2,P-F,Abstract,change (noun),pokytis,,not in Wiktionary (en or lt)
A2-0838,A2,P-F,Abstract,choice,pasirinkimas,,not in Wiktionary (en or lt)
A2-0827,A2,P-F,Abstract,moment,akimirka,,not in Wiktionary (en or lt)
A2-0845,A2,P-F,Abstract,piece (bit),gabalėlis,,not in Wiktionary (en or lt)
A2-0840,A2,P-F,Abstract,purpose,tikslas,,not in Wiktionary (en or lt)
A2-0562,A2,P-F,Adjectives,crowded,perpildytas,,not in Wiktionary (en or lt)
A2-0542,A2,P-F,Adjectives,false,netikras,,not in Wiktionary (en or lt)
A2-0553,A2,P-F,Adjectives,foreign,užsienio,,not in Wiktionary (en or lt)
A2-0552,A2,P-F,Adjectives,local,vietinis,,not in Wiktionary (en or lt)
A2-0544,A2,P-F,Adjectives,modern,modernus,,not in Wiktionary (en or lt)
A2-0548,A2,P-F,Adjectives,natural,natūralus,,not in Wiktionary (en or lt)
A2-0520,A2,P-F,Adjectives,possible,galimas,,not in Wiktionary (en or lt)
A2-0543,A2,P-F,Adjectives,real,realus,,not in Wiktionary (en or lt)
A2-0567,A2,P-F,Adjectives,stale,pasenęs,,not in Wiktionary (en or lt)
A2-0565,A2,P-F,Adjectives,tasteless,neskanus,,not in Wiktionary (en or lt)
A2-0560,A2,P-F,Adjectives,uncomfortable,nepatogus,,not in Wiktionary (en or lt)
A2-0557,A2,P-F,Adjectives,usual,įprastas,,not in Wiktionary (en or lt)
A2-0373,A2,P-D,Basics,I don't know,Nežinau,,not in Wiktionary (en or lt)
A2-0371,A2,P-D,Basics,I don't understand,Nesuprantu,,not in Wiktionary (en or lt)
A2-0372,A2,P-D,Basics,I understand,Suprantu,,not in Wiktionary (en or lt)
A2-0605,A2,P-F,Body,ankle,kulkšnis,,not in Wiktionary (en or lt)
A2-0604,A2,P-F,Body,wrist,riešas,,not in Wiktionary (en or lt)
A2-0715,A2,P-F,Clothing,sandal,basutė,,not in Wiktionary (en or lt)
A2-0717,A2,P-F,Clothing,zip,užtrauktukas,,not in Wiktionary (en or lt)
A2-0303,A2,P-C,Feelings,bored,nuobodžiaujantis,,not in Wiktionary (en or lt)
A2-0305,A2,P-C,Feelings,friendly,draugiškas,,not in Wiktionary (en or lt)
A2-0294,A2,P-C,Feelings,happiness,laimė,,source gave an unstressed form — confirm
A2-0310,A2,P-C,Feelings,hard-working,darbštus,,not in Wiktionary (en or lt)
A2-0298,A2,P-C,Feelings,surprise,nuostaba,,not in Wiktionary (en or lt)
A2-0677,A2,P-F,Food,bacon,šoninė,,not in Wiktionary (en or lt)
A2-0699,A2,P-F,Food,beetroot,burokėlis,,not in Wiktionary (en or lt)
A2-0680,A2,P-F,Food,flour,miltai,,not in Wiktionary (en or lt)
A2-0683,A2,P-F,Food,pepper,pipirai,,not in Wiktionary (en or lt)
A2-0385,A2,P-D,Getting by,Be careful!,Atsargiai!,,not in Wiktionary (en or lt)
A2-0384,A2,P-D,Getting by,Help!,Padėkite!,,not in Wiktionary (en or lt)
A2-0380,A2,P-D,Getting by,I would like…,Norėčiau…,,not in Wiktionary (en or lt)
A2-0356,A2,P-D,Greetings,Bye (informal),Iki,,not in Wiktionary (en or lt)
A2-0353,A2,P-D,Greetings,Good night,Labanakt,,not in Wiktionary (en or lt)
A2-0349,A2,P-D,Greetings,Hello (formal/plural),Sveiki,,not in Wiktionary (en or lt)
A2-0348,A2,P-D,Greetings,Hello (informal),Labas,,not in Wiktionary (en or lt)
A2-0238,A2,P-C,Health,appointment,vizitas,,not in Wiktionary (en or lt)
A2-0232,A2,P-C,Health,cold (illness),peršalimas,,not in Wiktionary (en or lt)
A2-0237,A2,P-C,Health,dentist,odontologas,,not in Wiktionary (en or lt)
A2-0233,A2,P-C,Health,fever,karščiavimas,,not in Wiktionary (en or lt)
A2-0236,A2,P-C,Health,nurse,slaugytoja,,not in Wiktionary (en or lt)
A2-0230,A2,P-C,Health,prescription,receptas,,not in Wiktionary (en or lt)
A2-0642,A2,P-F,Home,bucket,kibiras,,not in Wiktionary (en or lt)
A2-0640,A2,P-F,Home,bulb,lemputė,,not in Wiktionary (en or lt)
A2-0634,A2,P-F,Home,comb,šukos,,not in Wiktionary (en or lt)
A2-0627,A2,P-F,Home,curtain,užuolaida,,not in Wiktionary (en or lt)
A2-0624,A2,P-F,Home,drawer,stalčius,,not in Wiktionary (en or lt)
A2-0278,A2,P-C,Home,furniture,baldai,,not in Wiktionary (en or lt)
A2-0286,A2,P-C,Home,laundry,skalbiniai,,not in Wiktionary (en or lt)
A2-0292,A2,P-C,Home,to get dressed,rengtis,,not in Wiktionary (en or lt)
A2-0290,A2,P-C,Home,to rest,ilsėtis,,not in Wiktionary (en or lt)
A2-0288,A2,P-C,Home,to tidy up,tvarkyti,,not in Wiktionary (en or lt)
A2-0658,A2,P-F,Location,cemetery,kapinės,,not in Wiktionary (en or lt)
A2-0647,A2,P-F,Location,corner shop,krautuvėlė,,not in Wiktionary (en or lt)
A2-0651,A2,P-F,Location,fire station,gaisrinė,,not in Wiktionary (en or lt)
A2-0869,A2,P-F,Money & admin,loan,paskola,,not in Wiktionary (en or lt)
A2-0877,A2,P-F,Money & admin,permission,leidimas,,not in Wiktionary (en or lt)
A2-0876,A2,P-F,Money & admin,signature,parašas,,not in Wiktionary (en or lt)
A2-0946,A2,P-G,Opinion & discourse,By the way,Beje,,not in Wiktionary (en or lt)
A2-0945,A2,P-G,Opinion & discourse,Finally,Galiausiai,,not in Wiktionary (en or lt)
A2-0940,A2,P-G,Opinion & discourse,For example,Pavyzdžiui,,not in Wiktionary (en or lt)
A2-0933,A2,P-G,Opinion & discourse,I agree,Sutinku,,not in Wiktionary (en or lt)
A2-0934,A2,P-G,Opinion & discourse,I don't agree,Nesutinku,,not in Wiktionary (en or lt)
A2-0938,A2,P-G,Opinion & discourse,It depends,Priklauso,,not in Wiktionary (en or lt)
A2-0937,A2,P-G,Opinion & discourse,It doesn't matter,Nesvarbu,,not in Wiktionary (en or lt)
A2-0948,A2,P-G,Opinion & discourse,Luckily,Laimei,,not in Wiktionary (en or lt)
A2-0947,A2,P-G,Opinion & discourse,Unfortunately,Deja,,not in Wiktionary (en or lt)
A2-0584,A2,P-F,People,nephew,sūnėnas,,not in Wiktionary (en or lt)
A2-0590,A2,P-F,People,stranger,nepažįstamasis,,not in Wiktionary (en or lt)
A2-0578,A2,P-F,People,teenager,paauglys,,not in Wiktionary (en or lt)
A2-0362,A2,P-D,Politeness,Excuse me (formal),Atleiskite,,not in Wiktionary (en or lt)
A2-0357,A2,P-D,Politeness,Please / you're welcome,Prašau,,not in Wiktionary (en or lt)
A2-0361,A2,P-D,Politeness,Sorry / excuse me,Atsiprašau,,not in Wiktionary (en or lt)
A2-0358,A2,P-D,Politeness,Thank you,Ačiū,,not in Wiktionary (en or lt)
A2-0269,A2,P-C,Shopping,card (bank),kortelė,,source gave an unstressed form — confirm
A2-0267,A2,P-C,Shopping,price tag,kainoskaitė,,not in Wiktionary (en or lt)
A2-0273,A2,P-C,Shopping,to order,užsisakyti,,not in Wiktionary (en or lt)
A2-0277,A2,P-C,Shopping,to save (money),taupyti,,not in Wiktionary (en or lt)
A2-0276,A2,P-C,Shopping,to spend,išleisti,,not in Wiktionary (en or lt)
A2-0338,A2,P-C,Society,news,naujienos,,not in Wiktionary (en or lt)
A2-0320,A2,P-C,Technology,charger,kroviklis,,not in Wiktionary (en or lt)
A2-0318,A2,P-C,Technology,file,failas,,not in Wiktionary (en or lt)
A2-0311,A2,P-C,Technology,internet,internetas,,not in Wiktionary (en or lt)
A2-0321,A2,P-C,Technology,to download,atsisiųsti,,not in Wiktionary (en or lt)
A2-0734,A2,P-F,Transportation,fuel,kuras,,not in Wiktionary (en or lt)
A2-0735,A2,P-F,Transportation,road sign,nuoroda,,not in Wiktionary (en or lt)
A2-0731,A2,P-F,Transportation,traffic,eismas,,not in Wiktionary (en or lt)
A2-0214,A2,P-C,Travel,arrival,atvykimas,,not in Wiktionary (en or lt)
A2-0213,A2,P-C,Travel,distance,atstumas,,not in Wiktionary (en or lt)
A2-0221,A2,P-C,Travel,guide,gidas,,not in Wiktionary (en or lt)
A2-0216,A2,P-C,Travel,timetable,tvarkaraštis,,not in Wiktionary (en or lt)
A2-0226,A2,P-C,Travel,"to book, reserve",rezervuoti,,not in Wiktionary (en or lt)
A2-0225,A2,P-C,Travel,"to leave, depart",išvykti,,not in Wiktionary (en or lt)
A2-0415,A2,P-F,Verbs,to accompany,palydėti,,not in Wiktionary (en or lt)
A2-0470,A2,P-F,Verbs,to add,pridėti,,not in Wiktionary (en or lt)
A2-0409,A2,P-F,Verbs,to approach,artintis,,not in Wiktionary (en or lt)
A2-0455,A2,P-F,Verbs,to be surprised,stebėtis,,not in Wiktionary (en or lt)
A2-0481,A2,P-F,Verbs,to burn,deginti,,not in Wiktionary (en or lt)
A2-0439,A2,P-F,Verbs,to complain,skųstis,,not in Wiktionary (en or lt)
A2-0474,A2,P-F,Verbs,to cover,uždengti,,not in Wiktionary (en or lt)
A2-0450,A2,P-F,Verbs,to decide,nuspręsti,,not in Wiktionary (en or lt)
A2-0408,A2,P-F,Verbs,to descend,leistis,,not in Wiktionary (en or lt)
A2-0432,A2,P-F,Verbs,to disagree,nesutikti,,not in Wiktionary (en or lt)
A2-0430,A2,P-F,Verbs,to discuss,diskutuoti,,not in Wiktionary (en or lt)
A2-0503,A2,P-F,Verbs,to divorce,skirtis,,not in Wiktionary (en or lt)
A2-0506,A2,P-F,Verbs,to earn,uždirbti,,not in Wiktionary (en or lt)
A2-0473,A2,P-F,Verbs,to empty,ištuštinti,,not in Wiktionary (en or lt)
A2-0456,A2,P-F,Verbs,to enjoy,mėgautis,,not in Wiktionary (en or lt)
A2-0424,A2,P-F,Verbs,to enter (vehicle),įlipti,,not in Wiktionary (en or lt)
A2-0472,A2,P-F,Verbs,to fill,pripildyti,,not in Wiktionary (en or lt)
A2-0491,A2,P-F,Verbs,"to fix, arrange",sutvarkyti,,not in Wiktionary (en or lt)
A2-0496,A2,P-F,Verbs,to forbid,drausti,,not in Wiktionary (en or lt)
A2-0482,A2,P-F,Verbs,to freeze,šaldyti,,not in Wiktionary (en or lt)
A2-0459,A2,P-F,Verbs,to imagine,įsivaizduoti,,not in Wiktionary (en or lt)
A2-0508,A2,P-F,Verbs,to lend,skolinti,,not in Wiktionary (en or lt)
A2-0421,A2,P-F,Verbs,to lower,nuleisti,,not in Wiktionary (en or lt)
A2-0488,A2,P-F,Verbs,to measure,matuoti,,not in Wiktionary (en or lt)
A2-0411,A2,P-F,Verbs,to move (house),kraustytis,,not in Wiktionary (en or lt)
A2-0410,A2,P-F,Verbs,to move away,tolti,,not in Wiktionary (en or lt)
A2-0497,A2,P-F,Verbs,to order (command),liepti,,not in Wiktionary (en or lt)
A2-0516,A2,P-F,Verbs,to practise,treniruotis,,not in Wiktionary (en or lt)
A2-0492,A2,P-F,Verbs,to prepare,ruošti,,not in Wiktionary (en or lt)
A2-0505,A2,P-F,Verbs,to raise (children),auginti,,not in Wiktionary (en or lt)
A2-0517,A2,P-F,Verbs,to relax,atsipalaiduoti,,not in Wiktionary (en or lt)
A2-0471,A2,P-F,Verbs,to remove,pašalinti,,not in Wiktionary (en or lt)
A2-0510,A2,P-F,Verbs,to rent,nuomotis,,not in Wiktionary (en or lt)
A2-0511,A2,P-F,Verbs,to share,dalintis,,not in Wiktionary (en or lt)
A2-0418,A2,P-F,Verbs,to take away,išsinešti,,not in Wiktionary (en or lt)
A2-0423,A2,P-F,Verbs,to turn around,apsisukti,,not in Wiktionary (en or lt)
A2-0443,A2,P-F,Verbs,to whisper,šnabždėti,,not in Wiktionary (en or lt)
A2-0453,A2,P-F,Verbs,to worry,nerimauti,,not in Wiktionary (en or lt)
A2-0799,A2,P-F,Work & culture,eraser,trintukas,,not in Wiktionary (en or lt)
A2-0813,A2,P-F,Work & culture,exhibition,paroda,,not in Wiktionary (en or lt)
A2-0784,A2,P-F,Work & culture,nurse (male),slaugytojas,,not in Wiktionary (en or lt)
A2-0811,A2,P-F,Work & culture,play (theatre),spektaklis,,not in Wiktionary (en or lt)
A2-0781,A2,P-F,Work & culture,secretary,sekretorė,,not in Wiktionary (en or lt)
A2-0255,A2,P-C,Work & school,degree,diplomas,,not in Wiktionary (en or lt)
A2-0265,A2,P-C,Work & school,to forget,pamiršti,,not in Wiktionary (en or lt)
