key,lithuanian,english,gender,gen_sg,pres3,past3,fem,number,category,image_file,notes,pron,pron_src,level
001_suo,šuo,dog,M,šuns,,,,1,Animal,001_suo.webp,forms machine-generated — (accents & irregulars),šuõ,wiktionary,A1
002_kate,katė,cat,F,katės,,,,2,Animal,002_kate.webp,forms machine-generated — (accents & irregulars),katė̃,wiktionary,A1
003_zuvis,žuvis,fish,F,žuvies,,,,3,Animal,003_zuvis.webp,forms machine-generated — (accents & irregulars),žuvìs,wiktionary,A1
004_paukstis,paukštis,bird,M,paukščio,,,,4,Animal,004_paukstis.webp,forms machine-generated — (accents & irregulars),paũkštis,wiktionary,A1
005_karve,karvė,cow,F,karvės,,,,5,Animal,005_karve.webp,forms machine-generated — (accents & irregulars),kárvė,wiktionary,A1
006_kiaule,kiaulė,pig,F,kiaulės,,,,6,Animal,006_kiaule.webp,forms machine-generated — (accents & irregulars),kiaũlė,wiktionary,A1
007_pele,pelė,mouse,F,pelės,,,,7,Animal,007_pele.webp,forms machine-generated — (accents & irregulars),pelė̃,wiktionary,A1
008_arklys,arklys,horse,M,arklio,,,,8,Animal,008_arklys.webp,forms machine-generated — (accents & irregulars),arklỹs,wiktionary,A1
009_sparnas,sparnas,wing,M,sparno,,,,9,Animal,009_sparnas.webp,forms machine-generated — (accents & irregulars),spar̃nas,wiktionary,A1
010_gyvunas,gyvūnas,animal,M,gyvūno,,,,10,Animal,010_gyvunas.webp,forms machine-generated — (accents & irregulars),gyvū̃nas,wiktionary,A1
011_traukinys,traukinys,train,M,traukinio,,,,11,Transportation,011_traukinys.webp,forms machine-generated — (accents & irregulars),traukinỹs,wiktionary,A1
012_lektuvas,lėktuvas,plane,M,lėktuvo,,,,12,Transportation,012_lektuvas.webp,forms machine-generated — (accents & irregulars),lėktùvas,wiktionary,A1
013_automobilis,automobilis,car,M,automobilio,,,,13,Transportation,013_automobilis.webp,forms machine-generated — (accents & irregulars),automobìlis,wiktionary,A1
014_sunkvezimis,sunkvežimis,truck,M,sunkvežimio,,,,14,Transportation,014_sunkvezimis.webp,forms machine-generated — (accents & irregulars),suñkvežimis,wiktionary,A1
015_dviratis,dviratis,bicycle,M,dviračio,,,,15,Transportation,015_dviratis.webp,forms machine-generated — (accents & irregulars),dvirãtis,wiktionary,A1
016_autobusas,autobusas,bus,M,autobuso,,,,16,Transportation,016_autobusas.webp,forms machine-generated — (accents & irregulars),autobùsas,wiktionary,A1
017_valtis,valtis,boat,F,valties,,,,17,Transportation,017_valtis.webp,forms machine-generated — (accents & irregulars),váltis,wiktionary,A1
018_laivas,laivas,ship,M,laivo,,,,18,Transportation,018_laivas.webp,forms machine-generated — (accents & irregulars),laĩvas,wiktionary,A1
019_padanga,padanga,tire,F,padangos,,,,19,Transportation,019_padanga.webp,forms machine-generated — (accents & irregulars),padangà,wiktionary,A1
020_benzinas,benzinas,gasoline,M,benzino,,,,20,Transportation,020_benzinas.webp,forms machine-generated — (accents & irregulars),benzinas,wiktionary-html,A1
021_variklis,variklis,engine,M,variklio,,,,21,Transportation,021_variklis.webp,forms machine-generated — (accents & irregulars),varìklis,wiktionary,A1
022_bilietas,bilietas,train ticket,M,bilieto,,,,22,Transportation,022_bilietas.webp,forms machine-generated — (accents & irregulars),bìlietas,wiktionary,A1
023_transportas,transportas,transportation,M,transporto,,,,23,Transportation,023_transportas.webp,forms machine-generated — (accents & irregulars),transpòrtas,wiktionary,A1
024_miestas,miestas,city,M,miesto,,,,24,Location,024_miestas.webp,forms machine-generated — (accents & irregulars),miẽstas,wiktionary,A1
025_namas,namas,house,M,namo,,,,25,Location,025_namas.webp,forms machine-generated — (accents & irregulars),nãmas,wiktionary,A1
026_butas,butas,apartment,M,buto,,,,26,Location,026_butas.webp,forms machine-generated — (accents & irregulars),bùtas,wiktionary,A1
027_gatve,gatvė,street,F,gatvės,,,,27,Location,027_gatve.webp,forms machine-generated — (accents & irregulars),gãtvė,wiktionary,A1
028_kelias,kelias,road,M,kelio,,,,28,Location,028_kelias.webp,forms machine-generated — (accents & irregulars),kẽlias,wiktionary,A1
029_oro_uostas,oro uostas,airport,M,oro uosto,,,,29,Location,029_oro_uostas.webp,forms machine-generated — (accents & irregulars),óro úostas,kirtis.info,A1
030_stotis,stotis,train station,F,stoties,,,,30,Location,030_stotis.webp,forms machine-generated — (accents & irregulars),stotìs,wiktionary,A1
031_tiltas,tiltas,bridge,M,tilto,,,,31,Location,031_tiltas.webp,forms machine-generated — (accents & irregulars),tìltas,wiktionary,A1
032_viesbutis,viešbutis,hotel,M,viešbučio,,,,32,Location,032_viesbutis.webp,forms machine-generated — (accents & irregulars),viẽšbutis,wiktionary,A1
033_restoranas,restoranas,restaurant,M,restorano,,,,33,Location,033_restoranas.webp,forms machine-generated — (accents & irregulars),restorãnas,wiktionary,A1
034_ukis,ūkis,farm,M,ūkio,,,,34,Location,034_ukis.webp,forms machine-generated — (accents & irregulars),ū́kis,wiktionary,A1
035_teismas,teismas,court,M,teismo,,,,35,Location,035_teismas.webp,forms machine-generated — (accents & irregulars),teĩsmas,wiktionary,A1
036_mokykla,mokykla,school,F,mokyklos,,,,36,Location,036_mokykla.webp,forms machine-generated — (accents & irregulars),mokyklà,wiktionary,A1
037_biuras,biuras,office,M,biuro,,,,37,Location,037_biuras.webp,forms machine-generated — (accents & irregulars),biùras,wiktionary,A1
038_kambarys,kambarys,room,M,kambario,,,,38,Location,038_kambarys.webp,forms machine-generated — (accents & irregulars),kambarỹs,wiktionary,A1
039_miestelis,miestelis,town,M,miestelio,,,,39,Location,039_miestelis.webp,forms machine-generated — (accents & irregulars),miestẽlis,wiktionary,A1
040_universitetas,universitetas,university,M,universiteto,,,,40,Location,040_universitetas.webp,forms machine-generated — (accents & irregulars),universitètas,wiktionary,A1
041_klubas,klubas,club,M,klubo,,,,41,Location,041_klubas.webp,forms machine-generated — (accents & irregulars),klùbas,wiktionary,A1
042_baras,baras,bar,M,baro,,,,42,Location,042_baras.webp,forms machine-generated — (accents & irregulars),bãras,wiktionary,A1
043_parkas,parkas,park,M,parko,,,,43,Location,043_parkas.webp,forms machine-generated — (accents & irregulars),párkas,wiktionary,A1
044_stovykla,stovykla,camp,F,stovyklos,,,,44,Location,044_stovykla.webp,forms machine-generated — (accents & irregulars),stovyklà,wiktionary,A1
045_parduotuve,parduotuvė,store/shop,F,parduotuvės,,,,45,Location,045_parduotuve.webp,forms machine-generated — (accents & irregulars),parduotùvė,wiktionary,A1
046_teatras,teatras,theater,M,teatro,,,,46,Location,046_teatras.webp,forms machine-generated — (accents & irregulars),teãtras,wiktionary,A1
047_biblioteka,biblioteka,library,F,bibliotekos,,,,47,Location,047_biblioteka.webp,forms machine-generated — (accents & irregulars),bibliotekà,wiktionary,A1
048_ligonine,ligoninė,hospital,F,ligoninės,,,,48,Location,048_ligonine.webp,forms machine-generated — (accents & irregulars),ligóninė,wiktionary,A1
049_baznycia,bažnyčia,church,F,bažnyčios,,,,49,Location,049_baznycia.webp,forms machine-generated — (accents & irregulars),bažnýčia,wiktionary,A1
050_turgus,turgus,market,M,turgaus,,,,50,Location,050_turgus.webp,forms machine-generated — (accents & irregulars),tur̃gus,wiktionary,A1
051_salis,šalis,country,F,šalies,,,,51,Location,051_salis.webp,forms machine-generated — (accents & irregulars),šalìs,wiktionary,A1
052_pastatas,pastatas,building,M,pastato,,,,52,Location,052_pastatas.webp,forms machine-generated — (accents & irregulars),pãstatas,wiktionary,A1
053_zeme,žemė,ground,F,žemės,,,,53,Location,053_zeme.webp,forms machine-generated — (accents & irregulars),žẽmė,wiktionary,A1
054_kosmosas,kosmosas,space,M,kosmoso,,,,54,Location,054_kosmosas.webp,forms machine-generated — (accents & irregulars),kòsmosas,wiktionary,A1
055_bankas,bankas,bank,M,banko,,,,55,Location,055_bankas.webp,forms machine-generated — (accents & irregulars),bánkas,wiktionary,A1
056_vieta,vieta,location,F,vietos,,,,56,Location,056_vieta.webp,forms machine-generated — (accents & irregulars),vietà,wiktionary,A1
057_kepure,kepurė,hat,F,kepurės,,,,57,Clothing,057_kepure.webp,forms machine-generated — (accents & irregulars),kepùrė,wiktionary,A1
058_suknele,suknelė,dress,F,suknelės,,,,58,Clothing,058_suknele.webp,forms machine-generated — (accents & irregulars),suknẽlė,kirtis.info,A1
059_kostiumas,kostiumas,suit,M,kostiumo,,,,59,Clothing,059_kostiumas.webp,forms machine-generated — (accents & irregulars),kostiùmas,kirtis.info,A1
060_sijonas,sijonas,skirt,M,sijono,,,,60,Clothing,060_sijonas.webp,forms machine-generated — (accents & irregulars),sijõnas,wiktionary,A1
061_marskiniai,marškiniai,shirt,M pl,marškinių,,,,61,Clothing,061_marskiniai.webp,forms machine-generated — (accents & irregulars),marškiniaĩ,wiktionary,A1
062_marskineliai,marškinėliai,T-shirt,M pl,marškinėlių,,,,62,Clothing,062_marskineliai.webp,forms machine-generated — (accents & irregulars),marškinė̃liai,kirtis.info,A1
063_kelnes,kelnės,pants,F pl,kelnių,,,,63,Clothing,063_kelnes.webp,forms machine-generated — (accents & irregulars),kélnės,wiktionary,A1
064_batai,batai,shoes,M pl,batų,,,,64,Clothing,064_batai.webp,forms machine-generated — (accents & irregulars),bãtai,kirtis.info,A1
065_kisene,kišenė,pocket,F,kišenės,,,,65,Clothing,065_kisene.webp,forms machine-generated — (accents & irregulars),kišẽnė,wiktionary,A1
066_paltas,paltas,coat,M,palto,,,,66,Clothing,066_paltas.webp,forms machine-generated — (accents & irregulars),páltas,wiktionary,A1
067_deme,dėmė,stain,F,dėmės,,,,67,Clothing,067_deme.webp,forms machine-generated — (accents & irregulars),dėmė̃,wiktionary,A1
068_drabuziai,drabužiai,clothing,M pl,drabužių,,,,68,Clothing,068_drabuziai.webp,forms machine-generated — (accents & irregulars),drabùžiai,kirtis.info,A1
069_raudonas,raudonas,red,M/F,raudono,,,,69,Color,069_raudonas.webp,forms machine-generated — (accents & irregulars),raudónas,wiktionary,A1
070_zalias,žalias,green,M/F,žalio,,,,70,Color,070_zalias.webp,forms machine-generated — (accents & irregulars),žãlias,wiktionary,A1
071_melynas,mėlynas,blue,M/F,mėlyno,,,,71,Color,071_melynas.webp,forms machine-generated — (accents & irregulars),mė́lynas,wiktionary,A1
072_geltonas,geltonas,yellow,M/F,geltono,,,,72,Color,072_geltonas.webp,forms machine-generated — (accents & irregulars),geltónas,wiktionary,A1
073_rudas,rudas,brown,M/F,rudo,,,,73,Color,073_rudas.webp,forms machine-generated — (accents & irregulars),rùdas,wiktionary,A1
074_rozinis,rožinis,pink,M/F,rožinio,,,,74,Color,074_rozinis.webp,forms machine-generated — (accents & irregulars),rõžinis,kirtis.info,A1
075_oranzinis,oranžinis,orange (color),M/F,oranžinio,,,,75,Color,075_oranzinis.webp,forms machine-generated — (accents & irregulars),oránžinis,wiktionary,A1
076_juodas,juodas,black,M/F,juodo,,,,76,Color,076_juodas.webp,forms machine-generated — (accents & irregulars),júodas,wiktionary,A1
077_baltas,baltas,white,M/F,balto,,,,77,Color,077_baltas.webp,forms machine-generated — (accents & irregulars),báltas,wiktionary,A1
078_pilkas,pilkas,gray,M/F,pilko,,,,78,Color,078_pilkas.webp,forms machine-generated — (accents & irregulars),pìlkas,wiktionary,A1
079_spalva,spalva,color,,spalvos,,,,79,Color,079_spalva.webp,forms machine-generated — (accents & irregulars),spalvà,wiktionary,A1
080_sunus,sūnus,son,M,sūnaus,,,,80,People,080_sunus.webp,forms machine-generated — (accents & irregulars),sūnùs,wiktionary,A1
081_dukra,dukra,daughter,F,dukros,,,,81,People,081_dukra.webp,forms machine-generated — (accents & irregulars),dukrà,wiktionary,A1
082_motina,motina,mother,F,motinos,,,,82,People,082_motina.webp,forms machine-generated — (accents & irregulars),mótina,wiktionary,A1
083_tevas,tėvas,father,M,tėvo,,,,83,People,083_tevas.webp,forms machine-generated — (accents & irregulars),tė́vas,wiktionary,A1
084_tevai,tėvai,parent,M pl,tėvų,,,,84,People,084_tevai.webp,forms machine-generated — (accents & irregulars),tėvai̇̃,wiktionary,A1
085_kudikis,kūdikis,baby,M,kūdikio,,,,85,People,085_kudikis.webp,forms machine-generated — (accents & irregulars),kū̃dikis,wiktionary,A1
086_vyras,vyras,man,M,vyro,,,,86,People,086_vyras.webp,forms machine-generated — (accents & irregulars),výras,wiktionary,A1
087_moteris,moteris,woman,F,moters,,,,87,People,087_moteris.webp,forms machine-generated — (accents & irregulars),móteris,wiktionary,A1
088_brolis,brolis,brother,M,brolio,,,,88,People,088_brolis.webp,forms machine-generated — (accents & irregulars),brólis,wiktionary,A1
089_sesuo,sesuo,sister,F,sesers,,,,89,People,089_sesuo.webp,forms machine-generated — (accents & irregulars),sesuõ,wiktionary,A1
090_seima,šeima,family,F,šeimos,,,,90,People,090_seima.webp,forms machine-generated — (accents & irregulars),šeimà,wiktionary,A1
091_senelis,senelis,grandfather,M,senelio,,,,91,People,091_senelis.webp,forms machine-generated — (accents & irregulars),senẽlis,wiktionary,A1
092_senele,senelė,grandmother,F,senelės,,,,92,People,092_senele.webp,forms machine-generated — (accents & irregulars),senẽlė,wiktionary,A1
093_vyras,vyras,husband,M,vyro,,,,93,People,093_vyras.webp,forms machine-generated — (accents & irregulars),výras,wiktionary,A1
094_zmona,žmona,wife,,žmonos,,,,94,People,094_zmona.webp,forms machine-generated — (accents & irregulars),žmonà,wiktionary,A1
095_karalius,karalius,king,M,karaliaus,,,,95,People,095_karalius.webp,forms machine-generated — (accents & irregulars),karãlius,wiktionary,A1
096_karaliene,karalienė,queen,F,karalienės,,,,96,People,096_karaliene.webp,forms machine-generated — (accents & irregulars),karalienė,wiktionary,A1
097_prezidentas,prezidentas,president,M/F,prezidento,,,,97,People,097_prezidentas.webp,forms machine-generated — (accents & irregulars),prezideñtas,wiktionary,A1
098_kaimynas,kaimynas,neighbor,M/F,kaimyno,,,,98,People,098_kaimynas.webp,forms machine-generated — (accents & irregulars),kaimýnas,wiktionary,A1
099_berniukas,berniukas,boy,M,berniuko,,,,99,People,099_berniukas.webp,forms machine-generated — (accents & irregulars),berniùkas,wiktionary,A1
100_mergaite,mergaitė,girl,F,mergaitės,,,,100,People,100_mergaite.webp,forms machine-generated — (accents & irregulars),mergáitė,wiktionary,A1
101_vaikas,vaikas,child,M,vaiko,,,,101,People,101_vaikas.webp,forms machine-generated — (accents & irregulars),vaĩkas,wiktionary,A1
102_suauges,suaugęs,adult,M/F,suaugusio,,,,102,People,102_suauges.webp,forms machine-generated — (accents & irregulars),suáugęs,wiktionary,A1
103_zmogus,žmogus,human,M,žmogaus,,,,103,People,103_zmogus.webp,forms machine-generated — (accents & irregulars),žmogùs,wiktionary,A1
104_draugas,draugas,friend,M/F,draugo,,,,104,People,104_draugas.webp,forms machine-generated — (accents & irregulars),draũgas,wiktionary,A1
105_auka,auka,victim,F,aukos,,,,105,People,105_auka.webp,forms machine-generated — (accents & irregulars),aukà,wiktionary,A1
106_zaidejas,žaidėjas,player,M/F,žaidėjo,,,,106,People,106_zaidejas.webp,forms machine-generated — (accents & irregulars),žaidė́jas,wiktionary,A1
107_sirgalius,sirgalius,fan (sports),M/F,sirgaliaus,,,,107,People,107_sirgalius.webp,forms machine-generated — (accents & irregulars),sirgãlius,kirtis.info,A1
108_minia,minia,crowd,F,minios,,,,108,People,108_minia.webp,forms machine-generated — (accents & irregulars),minia,wiktionary-html,A1
109_asmuo,asmuo,person,M,asmens,,,,109,People,109_asmuo.webp,forms machine-generated — (accents & irregulars),asmuõ,wiktionary,A1
110_mokytojas,mokytojas,teacher,M/F,mokytojo,,,,110,Job,110_mokytojas.webp,forms machine-generated — (accents & irregulars),mókytojas,wiktionary,A1
111_studentas,studentas,student,M/F,studento,,,,111,Job,111_studentas.webp,forms machine-generated — (accents & irregulars),studeñtas,wiktionary,A1
112_advokatas,advokatas,lawyer,M/F,advokato,,,,112,Job,112_advokatas.webp,forms machine-generated — (accents & irregulars),advokãtas,wiktionary,A1
113_gydytojas,gydytojas,doctor,M/F,gydytojo,,,,113,Job,113_gydytojas.webp,forms machine-generated — (accents & irregulars),gýdytojas,wiktionary,A1
114_pacientas,pacientas,patient,M/F,paciento,,,,114,Job,114_pacientas.webp,forms machine-generated — (accents & irregulars),pacieñtas,wiktionary,A1
115_padavejas,padavėjas,waiter,M/F,padavėjo,,,,115,Job,115_padavejas.webp,forms machine-generated — (accents & irregulars),padavėjas,wiktionary-html,A1
116_sekretorius,sekretorius,secretary,M/F,sekretoriaus,,,,116,Job,116_sekretorius.webp,forms machine-generated — (accents & irregulars),sekretõrius,kirtis.info,A1
117_kunigas,kunigas,priest,M,kunigo,,,,117,Job,117_kunigas.webp,forms machine-generated — (accents & irregulars),kùnigas,wiktionary,A1
118_policininkas,policininkas,police officer,M/F,policininko,,,,118,Job,118_policininkas.webp,forms machine-generated — (accents & irregulars),polìcininkas,wiktionary,A1
119_policija,policija,police force,F,policijos,,,,119,Job,119_policija.webp,forms machine-generated — (accents & irregulars),polìcija,wiktionary,A1
120_kariuomene,kariuomenė,army,F,kariuomenės,,,,120,Job,120_kariuomene.webp,forms machine-generated — (accents & irregulars),kariúomenė,wiktionary,A1
121_kareivis,kareivis,soldier,M,kareivio,,,,121,Job,121_kareivis.webp,forms machine-generated — (accents & irregulars),karei̇̃vis,wiktionary,A1
122_menininkas,menininkas,artist,M/F,menininko,,,,122,Job,122_menininkas.webp,forms machine-generated — (accents & irregulars),mẽnininkas,wiktionary,A1
123_autorius,autorius,author,M/F,autoriaus,,,,123,Job,123_autorius.webp,forms machine-generated — (accents & irregulars),áutorius,wiktionary,A1
124_vadovas,vadovas,manager,M/F,vadovo,,,,124,Job,124_vadovas.webp,forms machine-generated — (accents & irregulars),vadõvas,wiktionary,A1
125_zurnalistas,žurnalistas,reporter,M/F,žurnalisto,,,,125,Job,125_zurnalistas.webp,forms machine-generated — (accents & irregulars),žurnalìstas,wiktionary,A1
126_aktorius,aktorius,actor,M/F,aktoriaus,,,,126,Job,126_aktorius.webp,forms machine-generated — (accents & irregulars),ãktorius,wiktionary,A1
127_darbas,darbas,job,M,darbo,,,,127,Job,127_darbas.webp,forms machine-generated — (accents & irregulars),dárbas,wiktionary,A1
128_religija,religija,religion,,religijos,,,,128,Society,128_religija.webp,forms machine-generated — (accents & irregulars),relìgija,wiktionary,A2
129_dangus,dangus,heaven,,dangaus,,,,129,Society,129_dangus.webp,forms machine-generated — (accents & irregulars),dangùs,wiktionary,A2
130_pragaras,pragaras,hell,,pragaro,,,,130,Society,130_pragaras.webp,forms machine-generated — (accents & irregulars),prãgaras,wiktionary,A2
131_mirtis,mirtis,death,,mirties,,,,131,Society,131_mirtis.webp,forms machine-generated — (accents & irregulars),mirtìs,wiktionary,A2
132_vaistai,vaistai,medicine,,vaistų,,,,132,Society,132_vaistai.webp,forms machine-generated — (accents & irregulars),váistai,wiktionary,A2
133_pinigai,pinigai,money,,pinigų,,,,133,Society,133_pinigai.webp,forms machine-generated — (accents & irregulars),pinigaĩ,wiktionary,A2
134_doleris,doleris,dollar,,dolerio,,,,134,Society,134_doleris.webp,forms machine-generated — (accents & irregulars),dóleris,wiktionary,A2
135_banknotas,banknotas,bill,,banknoto,,,,135,Society,135_banknotas.webp,forms machine-generated — (accents & irregulars),banknòtas,wiktionary,A2
136_santuoka,santuoka,marriage,,santuokos,,,,136,Society,136_santuoka.webp,forms machine-generated — (accents & irregulars),sántuoka,wiktionary,A2
137_vestuves,vestuvės,wedding,F,vestuvių,,,,137,Society,137_vestuves.webp,forms machine-generated — (accents & irregulars),vestùvės,wiktionary,A1
138_komanda,komanda,team,,komandos,,,,138,Society,138_komanda.webp,forms machine-generated — (accents & irregulars),kománda,wiktionary,A2
139_santykiai,santykiai,relationship,,santykių,,,,139,Society,139_santykiai.webp,forms machine-generated — (accents & irregulars),sántykiai,wiktionary-lt,A2
140_rase,rasė,race ethnicity,,rasės,,,,140,Society,140_rase.webp,forms machine-generated — (accents & irregulars),rãsė,kirtis.info,A2
141_seksas,seksas,sex act,,sekso,,,,141,Society,141_seksas.webp,forms machine-generated — (accents & irregulars),sèksas,wiktionary,A2
142_lytis,lytis,sex gender,,lyties,,,,142,Society,142_lytis.webp,forms machine-generated — (accents & irregulars),lytìs,wiktionary,A2
143_zmogzudyste,žmogžudystė,murder,,žmogžudystės,,,,143,Society,143_zmogzudyste.webp,forms machine-generated — (accents & irregulars),žmogžudỹstė,kirtis.info,A2
144_kalejimas,kalėjimas,prison,,kalėjimo,,,,144,Society,144_kalejimas.webp,forms machine-generated — (accents & irregulars),kalė́jimas,wiktionary,A2
145_technologija,technologija,technology,,technologijos,,,,145,Society,145_technologija.webp,forms machine-generated — (accents & irregulars),technologija,wiktionary-html,A2
146_energija,energija,energy,,energijos,,,,146,Society,146_energija.webp,forms machine-generated — (accents & irregulars),ener̃gija,wiktionary,A2
147_karas,karas,war,,karo,,,,147,Society,147_karas.webp,forms machine-generated — (accents & irregulars),kãras,wiktionary,A2
148_taika,taika,peace,,taikos,,,,148,Society,148_taika.webp,forms machine-generated — (accents & irregulars),taika,wiktionary-html,A2
149_puolimas,puolimas,attack,,puolimo,,,,149,Society,149_puolimas.webp,forms machine-generated — (accents & irregulars),puolìmas,kirtis.info,A2
150_rinkimai,rinkimai,election,,rinkimų,,,,150,Society,150_rinkimai.webp,forms machine-generated — (accents & irregulars),rinkìmai,wiktionary,A2
151_zurnalas,žurnalas,magazine,,žurnalo,,,,151,Society,151_zurnalas.webp,forms machine-generated — (accents & irregulars),žurnãlas,wiktionary,A2
152_laikrastis,laikraštis,newspaper,,laikraščio,,,,152,Society,152_laikrastis.webp,forms machine-generated — (accents & irregulars),laĩkraštis,wiktionary,A2
153_nuodai,nuodai,poison,,nuodų,,,,153,Society,153_nuodai.webp,forms machine-generated — (accents & irregulars),nuodaĩ,wiktionary,A2
154_ginklas,ginklas,gun,,ginklo,,,,154,Society,154_ginklas.webp,forms machine-generated — (accents & irregulars),giñklas,wiktionary,A2
155_sportas,sportas,sport,,sporto,,,,155,Society,155_sportas.webp,forms machine-generated — (accents & irregulars),spòrtas,wiktionary,A2
156_lenktynes,lenktynės,race sport,,lenktynių,,,,156,Society,156_lenktynes.webp,forms machine-generated — (accents & irregulars),lenktỹnės,wiktionary,A2
157_manksta,mankšta,exercise,,mankštos,,,,157,Society,157_manksta.webp,forms machine-generated — (accents & irregulars),mankštà,kirtis.info,A2
158_kamuolys,kamuolys,ball,,kamuolio,,,,158,Society,158_kamuolys.webp,forms machine-generated — (accents & irregulars),kamuolỹs,wiktionary,A2
159_zaidimas,žaidimas,game,,žaidimo,,,,159,Society,159_zaidimas.webp,forms machine-generated — (accents & irregulars),žaidìmas,wiktionary,A2
160_kaina,kaina,price,,kainos,,,,160,Society,160_kaina.webp,forms machine-generated — (accents & irregulars),káina,wiktionary,A2
161_sutartis,sutartis,contract,,sutarties,,,,161,Society,161_sutartis.webp,forms machine-generated — (accents & irregulars),sutartìs,wiktionary,A2
162_narkotikas,narkotikas,drug,,narkotiko,,,,162,Society,162_narkotikas.webp,forms machine-generated — (accents & irregulars),narkòtikas,wiktionary,A2
163_zenklas,ženklas,sign,M,ženklo,,,,163,Society,163_zenklas.webp,forms machine-generated — (accents & irregulars),žénklas,wiktionary,A1
164_mokslas,mokslas,science,,mokslo,,,,164,Society,164_mokslas.webp,forms machine-generated — (accents & irregulars),mókslas,wiktionary,A2
165_dievas,Dievas,God,,Dievo,,,,165,Society,165_dievas.webp,forms machine-generated — (accents & irregulars),Diẽvas,wiktionary,A2
166_grupe,grupė,band,F,grupės,,,,166,Art,166_grupe.webp,forms machine-generated — (accents & irregulars),grùpė,wiktionary,A1
167_daina,daina,song,F,dainos,,,,167,Art,167_daina.webp,forms machine-generated — (accents & irregulars),dainà,wiktionary,A2
168_instrumentas,instrumentas,instrument,M,instrumento,,,,168,Art,168_instrumentas.webp,forms machine-generated — (accents & irregulars),instrumeñtas,wiktionary,A1
169_muzika,muzika,music,,muzikos,,,,169,Art,169_muzika.webp,forms machine-generated — (accents & irregulars),mùzika,wiktionary,A2
170_filmas,filmas,movie,M,filmo,,,,170,Art,170_filmas.webp,forms machine-generated — (accents & irregulars),fìlmas,wiktionary,A1
171_menas,menas,art,,meno,,,,171,Art,171_menas.webp,forms machine-generated — (accents & irregulars),mẽnas,wiktionary,A2
172_kava,kava,coffee,F,kavos,,,,172,Beverages,172_kava.webp,forms machine-generated — (accents & irregulars),kavà,wiktionary,A1
173_arbata,arbata,tea,F,arbatos,,,,173,Beverages,173_arbata.webp,forms machine-generated — (accents & irregulars),arbatà,wiktionary,A1
174_vynas,vynas,wine,M,vyno,,,,174,Beverages,174_vynas.webp,forms machine-generated — (accents & irregulars),vỹnas,wiktionary,A1
175_alus,alus,beer,M,alaus,,,,175,Beverages,175_alus.webp,forms machine-generated — (accents & irregulars),alùs,wiktionary,A1
176_sultys,sultys,juice,F pl,sultio,,,,176,Beverages,176_sultys.webp,forms machine-generated — (accents & irregulars),sùltys,wiktionary,A1
177_vanduo,vanduo,water,M,vandens,,,,177,Beverages,177_vanduo.webp,forms machine-generated — (accents & irregulars),vanduõ,wiktionary,A1
178_pienas,pienas,milk,M,pieno,,,,178,Beverages,178_pienas.webp,forms machine-generated — (accents & irregulars),píenas,wiktionary,A1
179_gerimas,gėrimas,beverage,M,gėrimo,,,,179,Beverages,179_gerimas.webp,forms machine-generated — (accents & irregulars),gė́rimas,wiktionary,A1
180_kiausinis,kiaušinis,egg,M,kiaušinio,,,,180,Food,180_kiausinis.webp,forms machine-generated — (accents & irregulars),kiaušìnis,wiktionary,A1
181_suris,sūris,cheese,M,sūrio,,,,181,Food,181_suris.webp,forms machine-generated — (accents & irregulars),sū́ris,wiktionary,A1
182_duona,duona,bread,F,duonos,,,,182,Food,182_duona.webp,forms machine-generated — (accents & irregulars),dúona,wiktionary,A1
183_sriuba,sriuba,soup,F,sriubos,,,,183,Food,183_sriuba.webp,forms machine-generated — (accents & irregulars),sriubà,wiktionary,A1
184_tortas,tortas,cake,M,torto,,,,184,Food,184_tortas.webp,forms machine-generated — (accents & irregulars),tòrtas,wiktionary,A1
185_vistiena,vištiena,chicken,F,vištienos,,,,185,Food,185_vistiena.webp,forms machine-generated — (accents & irregulars),vištíena,wiktionary,A1
186_kiauliena,kiauliena,pork,F,kiaulienos,,,,186,Food,186_kiauliena.webp,forms machine-generated — (accents & irregulars),kiaulíena,wiktionary,A1
187_jautiena,jautiena,beef,F,jautienos,,,,187,Food,187_jautiena.webp,forms machine-generated — (accents & irregulars),jáutiena,wiktionary,A1
188_obuolys,obuolys,apple,M,obuolio,,,,188,Food,188_obuolys.webp,forms machine-generated — (accents & irregulars),obuolỹs,wiktionary,A1
189_bananas,bananas,banana,M,banano,,,,189,Food,189_bananas.webp,forms machine-generated — (accents & irregulars),banãnas,wiktionary,A1
190_apelsinas,apelsinas,orange (fruit),M,apelsino,,,,190,Food,190_apelsinas.webp,forms machine-generated — (accents & irregulars),apelsìnas,wiktionary,A1
191_citrina,citrina,lemon,F,citrinos,,,,191,Food,191_citrina.webp,forms machine-generated — (accents & irregulars),citrinà,wiktionary,A1
192_kukuruzai,kukurūzai,corn,M pl,kukurūzų,,,,192,Food,192_kukuruzai.webp,forms machine-generated — (accents & irregulars),kukurū̃zai,wiktionary,A1
193_ryziai,ryžiai,rice,M pl,ryžių,,,,193,Food,193_ryziai.webp,forms machine-generated — (accents & irregulars),rỹžiai,kirtis.info,A1
194_aliejus,aliejus,oil,M,aliejaus,,,,194,Food,194_aliejus.webp,forms machine-generated — (accents & irregulars),aliẽjus,wiktionary,A1
195_tepalas,tepalas,oil (machine),M,tepalo,,,,195,Food,195_tepalas.webp,forms machine-generated — (accents & irregulars),tẽpalas,kirtis.info,A1
196_sekla,sėkla,seed,F,sėklos,,,,196,Food,196_sekla.webp,forms machine-generated — (accents & irregulars),sė́kla,wiktionary,A1
197_peilis,peilis,knife,M,peilio,,,,197,Food,197_peilis.webp,forms machine-generated — (accents & irregulars),peĩlis,wiktionary,A1
198_saukstas,šaukštas,spoon,M,šaukšto,,,,198,Food,198_saukstas.webp,forms machine-generated — (accents & irregulars),šáukštas,wiktionary,A1
199_sakute,šakutė,fork,F,šakutės,,,,199,Food,199_sakute.webp,forms machine-generated — (accents & irregulars),šakutė,wiktionary-html,A1
200_lekste,lėkštė,plate,F,lėkštės,,,,200,Food,200_lekste.webp,forms machine-generated — (accents & irregulars),lėkštė̃,wiktionary,A1
201_puodelis,puodelis,cup,M,puodelio,,,,201,Food,201_puodelis.webp,forms machine-generated — (accents & irregulars),puodelis,wiktionary-html,A1
202_pusryciai,pusryčiai,breakfast,M pl,pusryčių,,,,202,Food,202_pusryciai.webp,forms machine-generated — (accents & irregulars),pùsryčiai,wiktionary,A1
203_pietus,pietūs,lunch,M pl,pietų,,,,203,Food,203_pietus.webp,forms machine-generated — (accents & irregulars),piẽtūs,wiktionary,A1
204_vakariene,vakarienė,dinner,F,vakarienės,,,,204,Food,204_vakariene.webp,forms machine-generated — (accents & irregulars),vakariẽnė,wiktionary,A1
205_cukrus,cukrus,sugar,M,cukraus,,,,205,Food,205_cukrus.webp,forms machine-generated — (accents & irregulars),cùkrus,wiktionary,A1
206_druska,druska,salt,F,druskos,,,,206,Food,206_druska.webp,forms machine-generated — (accents & irregulars),druskà,wiktionary,A1
207_butelis,butelis,bottle,M,butelio,,,,207,Food,207_butelis.webp,forms machine-generated — (accents & irregulars),bùtelis,wiktionary,A1
208_maistas,maistas,food,M,maisto,,,,208,Food,208_maistas.webp,forms machine-generated — (accents & irregulars),maĩstas,wiktionary,A1
209_stalas,stalas,table,M,stalo,,,,209,Home,209_stalas.webp,forms machine-generated — (accents & irregulars),stãlas,wiktionary,A1
210_kede,kėdė,chair,F,kėdės,,,,210,Home,210_kede.webp,forms machine-generated — (accents & irregulars),kėdė̃,wiktionary,A1
211_lova,lova,bed,F,lovos,,,,211,Home,211_lova.webp,forms machine-generated — (accents & irregulars),lóva,wiktionary,A1
212_sapnas,sapnas,dream,,sapno,,,,212,Home,212_sapnas.webp,forms machine-generated — (accents & irregulars),sãpnas,wiktionary,A2
213_langas,langas,window,M,lango,,,,213,Home,213_langas.webp,forms machine-generated — (accents & irregulars),lángas,wiktionary,A1
214_durys,durys,door,F pl,durio,,,,214,Home,214_durys.webp,forms machine-generated — (accents & irregulars),dùrys,wiktionary,A1
215_miegamasis,miegamasis,bedroom,M,miegamojo,,,,215,Home,215_miegamasis.webp,forms machine-generated — (accents & irregulars),miegamàsis,wiktionary,A1
216_virtuve,virtuvė,kitchen,F,virtuvės,,,,216,Home,216_virtuve.webp,forms machine-generated — (accents & irregulars),virtùvė,wiktionary,A1
217_vonia,vonia,bathroom,F,vonios,,,,217,Home,217_vonia.webp,forms machine-generated — (accents & irregulars),vonià,wiktionary,A1
218_piestukas,pieštukas,pencil,M,pieštuko,,,,218,Home,218_piestukas.webp,forms machine-generated — (accents & irregulars),pieštùkas,wiktionary,A1
219_rasiklis,rašiklis,pen,M,rašiklio,,,,219,Home,219_rasiklis.webp,forms machine-generated — (accents & irregulars),rašìklis,kirtis.info,A1
220_nuotrauka,nuotrauka,photograph,F,nuotraukos,,,,220,Home,220_nuotrauka.webp,forms machine-generated — (accents & irregulars),nuotrauka,wiktionary-html,A1
221_muilas,muilas,soap,M,muilo,,,,221,Home,221_muilas.webp,forms machine-generated — (accents & irregulars),muĩlas,wiktionary,A1
222_knyga,knyga,book,F,knygos,,,,222,Home,222_knyga.webp,forms machine-generated — (accents & irregulars),knygà,wiktionary,A1
223_puslapis,puslapis,page,M,puslapio,,,,223,Home,223_puslapis.webp,forms machine-generated — (accents & irregulars),pùslapis,wiktionary,A1
224_raktas,raktas,key,M,rakto,,,,224,Home,224_raktas.webp,forms machine-generated — (accents & irregulars),rãktas,wiktionary,A1
225_dazai,dažai,paint,M pl,dažų,,,,225,Home,225_dazai.webp,forms machine-generated — (accents & irregulars),dažaĩ,wiktionary,A1
226_laiskas,laiškas,letter (mail),M,laiško,,,,226,Home,226_laiskas.webp,forms machine-generated — (accents & irregulars),láiškas,wiktionary,A1
227_raide,raidė,letter (alphabet),F,raidės,,,,227,Misc,227_raide.webp,forms machine-generated — (accents & irregulars),raĩdė,wiktionary,A2
228_rastelis,raštelis,note,M,raštelio,,,,228,Home,228_rastelis.webp,forms machine-generated — (accents & irregulars),raštẽlis,kirtis.info,A1
229_siena,siena,wall,F,sienos,,,,229,Home,229_siena.webp,forms machine-generated — (accents & irregulars),síena,wiktionary,A1
230_popierius,popierius,paper,M,popieriaus,,,,230,Home,230_popierius.webp,forms machine-generated — (accents & irregulars),põpierius,wiktionary,A1
231_grindys,grindys,floor,F pl,grindio,,,,231,Home,231_grindys.webp,forms machine-generated — (accents & irregulars),griñdys,wiktionary,A1
232_lubos,lubos,ceiling,F pl,lubų,,,,232,Home,232_lubos.webp,forms machine-generated — (accents & irregulars),lùbos,wiktionary,A1
233_stogas,stogas,roof,M,stogo,,,,233,Home,233_stogas.webp,forms machine-generated — (accents & irregulars),stógas,wiktionary,A1
234_baseinas,baseinas,pool,M,baseino,,,,234,Home,234_baseinas.webp,forms machine-generated — (accents & irregulars),baseĩnas,wiktionary,A1
235_spyna,spyna,lock,F,spynos,,,,235,Home,235_spyna.webp,forms machine-generated — (accents & irregulars),spynà,wiktionary,A1
236_telefonas,telefonas,telephone,M,telefono,,,,236,Home,236_telefonas.webp,forms machine-generated — (accents & irregulars),telefònas,wiktionary,A1
237_sodas,sodas,garden,M,sodo,,,,237,Home,237_sodas.webp,forms machine-generated — (accents & irregulars),sõdas,wiktionary,A1
238_kiemas,kiemas,yard,M,kiemo,,,,238,Home,238_kiemas.webp,forms machine-generated — (accents & irregulars),kiẽmas,wiktionary,A1
239_adata,adata,needle,F,adatos,,,,239,Home,239_adata.webp,forms machine-generated — (accents & irregulars),ãdata,wiktionary,A1
240_krepsys,krepšys,bag,M,krepšio,,,,240,Home,240_krepsys.webp,forms machine-generated — (accents & irregulars),krepšỹs,wiktionary,A1
241_deze,dėžė,box,F,dėžės,,,,241,Home,241_deze.webp,forms machine-generated — (accents & irregulars),dėžė̃,wiktionary,A1
242_dovana,dovana,gift,F,dovanos,,,,242,Home,242_dovana.webp,forms machine-generated — (accents & irregulars),dovanà,wiktionary,A1
243_kortele,kortelė,card,F,kortelės,,,,243,Home,243_kortele.webp,forms machine-generated — (accents & irregulars),kortelė,wiktionary,A1
244_ziedas,žiedas,ring,M,žiedo,,,,244,Home,244_ziedas.webp,forms machine-generated — (accents & irregulars),žíedas,wiktionary,A1
245_irankis,įrankis,tool,M,įrankio,,,,245,Home,245_irankis.webp,forms machine-generated — (accents & irregulars),į́rankis,wiktionary,A1
246_laikrodis,laikrodis,clock,M,laikrodžio,,,,246,Electronics,246_laikrodis.webp,forms machine-generated — (accents & irregulars),laĩkrodis,wiktionary,A1
247_lempa,lempa,lamp,F,lempos,,,,247,Electronics,247_lempa.webp,forms machine-generated — (accents & irregulars),lémpa,wiktionary,A1
248_ventiliatorius,ventiliatorius,fan (electric),M,ventiliatoriaus,,,,248,Electronics,248_ventiliatorius.webp,forms machine-generated — (accents & irregulars),ventiliãtorius,kirtis.info,A1
249_mobilusis_telefonas,mobilusis telefonas,cell phone,M,mobilusis telefono,,,,249,Electronics,249_mobilusis_telefonas.webp,forms machine-generated — (accents & irregulars),mobilùsis telefònas,kirtis.info,A1
250_tinklas,tinklas,network,,tinklo,,,,250,Electronics,250_tinklas.webp,forms machine-generated — (accents & irregulars),tiñklas,wiktionary,A2
251_kompiuteris,kompiuteris,computer,M,kompiuterio,,,,251,Electronics,251_kompiuteris.webp,forms machine-generated — (accents & irregulars),kompiùteris,wiktionary,A1
252_programa,programa,program,,programos,,,,252,Electronics,252_programa.webp,forms machine-generated — (accents & irregulars),programà,wiktionary,A2
253_nesiojamasis_kompiuteris,nešiojamasis kompiuteris,laptop,M,nešiojamojo kompiuterio,,,,253,Electronics,253_nesiojamasis_kompiuteris.webp,forms machine-generated — (accents & irregulars),nešiójamasis kompiùteris,kirtis.info,A1
254_ekranas,ekranas,screen,M,ekrano,,,,254,Electronics,254_ekranas.webp,forms machine-generated — (accents & irregulars),ekrãnas,wiktionary,A1
255_fotoaparatas,fotoaparatas,camera,M,fotoaparato,,,,255,Electronics,255_fotoaparatas.webp,forms machine-generated — (accents & irregulars),fotoaparãtas,wiktionary,A1
256_televizorius,televizorius,television,M,televizoriaus,,,,256,Electronics,256_televizorius.webp,forms machine-generated — (accents & irregulars),televìzorius,wiktionary,A1
257_radijas,radijas,radio,M,radijo,,,,257,Electronics,257_radijas.webp,forms machine-generated — (accents & irregulars),rãdijas,wiktionary,A1
258_galva,galva,head,F,galvos,,,,258,Body,258_galva.webp,forms machine-generated — (accents & irregulars),galvà,wiktionary,A1
259_kaklas,kaklas,neck,M,kaklo,,,,259,Body,259_kaklas.webp,forms machine-generated — (accents & irregulars),kãklas,wiktionary,A1
260_veidas,veidas,face,M,veido,,,,260,Body,260_veidas.webp,forms machine-generated — (accents & irregulars),véidas,wiktionary,A1
261_barzda,barzda,beard,F,barzdos,,,,261,Body,261_barzda.webp,forms machine-generated — (accents & irregulars),barzdà,wiktionary,A1
262_plaukai,plaukai,hair,M pl,plaukų,,,,262,Body,262_plaukai.webp,forms machine-generated — (accents & irregulars),plaukaĩ,wiktionary,A1
263_akis,akis,eye,F,akies,,,,263,Body,263_akis.webp,forms machine-generated — (accents & irregulars),akìs,wiktionary,A1
264_burna,burna,mouth,F,burnos,,,,264,Body,264_burna.webp,forms machine-generated — (accents & irregulars),burnà,wiktionary,A1
265_lupa,lūpa,lip,F,lūpos,,,,265,Body,265_lupa.webp,forms machine-generated — (accents & irregulars),lū́pa,wiktionary,A1
266_nosis,nosis,nose,F,nosies,,,,266,Body,266_nosis.webp,forms machine-generated — (accents & irregulars),nósis,wiktionary,A1
267_dantis,dantis,tooth,M,danties,,,,267,Body,267_dantis.webp,forms machine-generated — (accents & irregulars),dantìs,wiktionary,A1
268_ausis,ausis,ear,F,ausies,,,,268,Body,268_ausis.webp,forms machine-generated — (accents & irregulars),ausìs,wiktionary,A1
269_asara,ašara,tear,F,ašaros,,,,269,Body,269_asara.webp,forms machine-generated — (accents & irregulars),ãšara,wiktionary,A1
270_liezuvis,liežuvis,tongue,M,liežuvio,,,,270,Body,270_liezuvis.webp,forms machine-generated — (accents & irregulars),liežùvis,wiktionary,A1
271_nugara,nugara,back,F,nugaros,,,,271,Body,271_nugara.webp,forms machine-generated — (accents & irregulars),nùgara,wiktionary,A1
272_kojos_pirstas,kojos pirštas,toe,,kojos piršto,,,,272,Body,272_kojos_pirstas.webp,forms machine-generated — (accents & irregulars),kójos pir̃štas,kirtis.info,A1
273_pirstas,pirštas,finger,M,piršto,,,,273,Body,273_pirstas.webp,forms machine-generated — (accents & irregulars),pir̃štas,wiktionary,A1
274_peda,pėda,foot,F,pėdos,,,,274,Body,274_peda.webp,forms machine-generated — (accents & irregulars),pėdà,wiktionary,A1
275_plastaka,plaštaka,hand,F,plaštakos,,,,275,Body,275_plastaka.webp,forms machine-generated — (accents & irregulars),plãštaka,kirtis.info,A1
276_koja,koja,leg,F,kojos,,,,276,Body,276_koja.webp,forms machine-generated — (accents & irregulars),kója,wiktionary,A1
277_ranka,ranka,arm,F,rankos,,,,277,Body,277_ranka.webp,forms machine-generated — (accents & irregulars),rankà,wiktionary,A1
278_petys,petys,shoulder,M,petio,,,,278,Body,278_petys.webp,forms machine-generated — (accents & irregulars),petỹs,wiktionary,A1
279_sirdis,širdis,heart,F,širdies,,,,279,Body,279_sirdis.webp,forms machine-generated — (accents & irregulars),širdìs,wiktionary,A1
280_kraujas,kraujas,blood,M,kraujo,,,,280,Body,280_kraujas.webp,forms machine-generated — (accents & irregulars),kraũjas,wiktionary,A1
281_smegenys,smegenys,brain,F pl,smegenio,,,,281,Body,281_smegenys.webp,forms machine-generated — (accents & irregulars),smẽgenys,wiktionary,A1
282_kelis,kelis,knee,M,kelio,,,,282,Body,282_kelis.webp,forms machine-generated — (accents & irregulars),kẽlis,wiktionary,A1
283_prakaitas,prakaitas,sweat,M,prakaito,,,,283,Body,283_prakaitas.webp,forms machine-generated — (accents & irregulars),prãkaitas,wiktionary,A1
284_liga,liga,disease,,ligos,,,,284,Body,284_liga.webp,forms machine-generated — (accents & irregulars),ligà,wiktionary,A2
285_kaulas,kaulas,bone,M,kaulo,,,,285,Body,285_kaulas.webp,forms machine-generated — (accents & irregulars),káulas,wiktionary,A1
286_balsas,balsas,voice,,balso,,,,286,Body,286_balsas.webp,forms machine-generated — (accents & irregulars),bal̃sas,wiktionary,A2
287_oda,oda,skin,F,odos,,,,287,Body,287_oda.webp,forms machine-generated — (accents & irregulars),óda,wiktionary,A1
288_kunas,kūnas,body,M,kūno,,,,288,Body,288_kunas.webp,forms machine-generated — (accents & irregulars),kū́nas,wiktionary,A1
289_jura,jūra,sea,F,jūros,,,,289,Nature,289_jura.webp,forms machine-generated — (accents & irregulars),jū́ra,wiktionary,A1
290_vandenynas,vandenynas,ocean,M,vandenyno,,,,290,Nature,290_vandenynas.webp,forms machine-generated — (accents & irregulars),vandenýnas,wiktionary,A1
291_upe,upė,river,F,upės,,,,291,Nature,291_upe.webp,forms machine-generated — (accents & irregulars),ùpė,wiktionary,A1
292_kalnas,kalnas,mountain,M,kalno,,,,292,Nature,292_kalnas.webp,forms machine-generated — (accents & irregulars),kálnas,wiktionary,A1
293_lietus,lietus,rain,M,lietaus,,,,293,Nature,293_lietus.webp,forms machine-generated — (accents & irregulars),lietùs,wiktionary,A1
294_sniegas,sniegas,snow,M,sniego,,,,294,Nature,294_sniegas.webp,forms machine-generated — (accents & irregulars),sniẽgas,wiktionary,A1
295_medis,medis,tree,M,medžio,,,,295,Nature,295_medis.webp,forms machine-generated — (accents & irregulars),mẽdis,wiktionary,A1
296_saule,saulė,sun,F,saulės,,,,296,Nature,296_saule.webp,forms machine-generated — (accents & irregulars),sáulė,wiktionary,A1
297_menulis,mėnulis,moon,M,mėnulio,,,,297,Nature,297_menulis.webp,forms machine-generated — (accents & irregulars),mėnùlis,wiktionary,A1
298_pasaulis,pasaulis,world,,pasaulio,,,,298,Nature,298_pasaulis.webp,forms machine-generated — (accents & irregulars),pasáulis,wiktionary,A2
299_zeme,Žemė,Earth,,Žemės,,,,299,Nature,299_zeme.webp,forms machine-generated — (accents & irregulars),Žẽmė,wiktionary,A1
300_miskas,miškas,forest,M,miško,,,,300,Nature,300_miskas.webp,forms machine-generated — (accents & irregulars),mìškas,wiktionary,A1
301_dangus,dangus,sky,M,dangaus,,,,301,Nature,301_dangus.webp,forms machine-generated — (accents & irregulars),dangùs,wiktionary,A1
302_augalas,augalas,plant,M,augalo,,,,302,Nature,302_augalas.webp,forms machine-generated — (accents & irregulars),áugalas,wiktionary,A1
303_vejas,vėjas,wind,M,vėjo,,,,303,Nature,303_vejas.webp,forms machine-generated — (accents & irregulars),vė́jas,wiktionary,A1
304_zeme,žemė,soil,F,žemės,,,,304,Nature,304_zeme.webp,forms machine-generated — (accents & irregulars),žẽmė,wiktionary,A1
305_gele,gėlė,flower,F,gėlės,,,,305,Nature,305_gele.webp,forms machine-generated — (accents & irregulars),gėlė̃,wiktionary,A1
306_slenis,slėnis,valley,M,slėnio,,,,306,Nature,306_slenis.webp,forms machine-generated — (accents & irregulars),slėnis,wiktionary-html,A1
307_saknis,šaknis,root,F,šaknies,,,,307,Nature,307_saknis.webp,forms machine-generated — (accents & irregulars),šaknìs,wiktionary,A1
308_ezeras,ežeras,lake,M,ežero,,,,308,Nature,308_ezeras.webp,forms machine-generated — (accents & irregulars),ẽžeras,wiktionary,A1
309_zvaigzde,žvaigždė,star,F,žvaigždės,,,,309,Nature,309_zvaigzde.webp,forms machine-generated — (accents & irregulars),žvaigždė̃,wiktionary,A1
310_zole,žolė,grass,F,žolės,,,,310,Nature,310_zole.webp,forms machine-generated — (accents & irregulars),žolė̃,wiktionary,A1
311_lapas,lapas,leaf,M,lapo,,,,311,Nature,311_lapas.webp,forms machine-generated — (accents & irregulars),lãpas,wiktionary,A1
312_oras,oras,air,,oro,,,,312,Nature,312_oras.webp,forms machine-generated — (accents & irregulars),óras,wiktionary,A2
313_smelis,smėlis,sand,M,smėlio,,,,313,Nature,313_smelis.webp,forms machine-generated — (accents & irregulars),smė̃lis,wiktionary,A1
314_papludimys,paplūdimys,beach,M,paplūdimio,,,,314,Nature,314_papludimys.webp,forms machine-generated — (accents & irregulars),paplūdimỹs,wiktionary,A1
315_banga,banga,wave,F,bangos,,,,315,Nature,315_banga.webp,forms machine-generated — (accents & irregulars),bangà,wiktionary,A1
316_ugnis,ugnis,fire,F,ugnies,,,,316,Nature,316_ugnis.webp,forms machine-generated — (accents & irregulars),ugnìs,wiktionary,A1
317_ledas,ledas,ice,M,ledo,,,,317,Nature,317_ledas.webp,forms machine-generated — (accents & irregulars),lẽdas,wiktionary,A1
318_sala,sala,island,F,salos,,,,318,Nature,318_sala.webp,forms machine-generated — (accents & irregulars),salà,wiktionary,A1
319_kalva,kalva,hill,F,kalvos,,,,319,Nature,319_kalva.webp,forms machine-generated — (accents & irregulars),kalvà,wiktionary,A1
320_karstis,karštis,heat,,karščio,,,,320,Nature,320_karstis.webp,forms machine-generated — (accents & irregulars),kar̃štis,kirtis.info,A2
321_gamta,gamta,nature,F,gamtos,,,,321,Nature,321_gamta.webp,forms machine-generated — (accents & irregulars),gamtà,wiktionary,A1
322_stiklas,stiklas,glass,M,stiklo,,,,322,Materials,322_stiklas.webp,forms machine-generated — (accents & irregulars),stìklas,wiktionary,A1
323_metalas,metalas,metal,M,metalo,,,,323,Materials,323_metalas.webp,forms machine-generated — (accents & irregulars),metãlas,wiktionary,A1
324_plastikas,plastikas,plastic,M,plastiko,,,,324,Materials,324_plastikas.webp,forms machine-generated — (accents & irregulars),plãstikas,kirtis.info,A1
325_mediena,mediena,wood,F,medienos,,,,325,Materials,325_mediena.webp,forms machine-generated — (accents & irregulars),medíena,wiktionary,A1
326_akmuo,akmuo,stone,M,akmens,,,,326,Materials,326_akmuo.webp,forms machine-generated — (accents & irregulars),akmuõ,wiktionary,A1
327_deimantas,deimantas,diamond,M,deimanto,,,,327,Materials,327_deimantas.webp,forms machine-generated — (accents & irregulars),deĩmantas,wiktionary,A1
328_molis,molis,clay,M,molio,,,,328,Materials,328_molis.webp,forms machine-generated — (accents & irregulars),mólis,wiktionary,A1
329_dulkes,dulkės,dust,F pl,dulkių,,,,329,Materials,329_dulkes.webp,forms machine-generated — (accents & irregulars),dùlkės,kirtis.info,A1
330_auksas,auksas,gold,M,aukso,,,,330,Materials,330_auksas.webp,forms machine-generated — (accents & irregulars),áuksas,wiktionary,A1
331_varis,varis,copper,M,vario,,,,331,Materials,331_varis.webp,forms machine-generated — (accents & irregulars),vãris,wiktionary,A1
332_sidabras,sidabras,silver,M,sidabro,,,,332,Materials,332_sidabras.webp,forms machine-generated — (accents & irregulars),sidãbras,wiktionary,A1
333_medziaga,medžiaga,material,F,medžiagos,,,,333,Materials,333_medziaga.webp,forms machine-generated — (accents & irregulars),mẽdžiaga,wiktionary,A1
334_metras,metras,meter,M,metro,,,,334,Math,334_metras.webp,forms machine-generated — (accents & irregulars),mètras,wiktionary,A2
335_centimetras,centimetras,centimeter,M,centimetro,,,,335,Math,335_centimetras.webp,forms machine-generated — (accents & irregulars),centimètras,wiktionary,A2
336_kilogramas,kilogramas,kilogram,M,kilogramo,,,,336,Math,336_kilogramas.webp,forms machine-generated — (accents & irregulars),kilogrãmas,wiktionary,A2
337_colis,colis,inch,M,colio,,,,337,Math,337_colis.webp,forms machine-generated — (accents & irregulars),cólis,wiktionary,A2
338_peda,pėda,foot,F,pėdos,,,,338,Math,338_peda.webp,forms machine-generated — (accents & irregulars),pėdà,wiktionary,A2
339_svaras,svaras,pound,M,svaro,,,,339,Math,339_svaras.webp,forms machine-generated — (accents & irregulars),svàras,wiktionary,A2
340_puse,pusė,half,,pusės,,,,340,Math,340_puse.webp,forms machine-generated — (accents & irregulars),pùsė,wiktionary,A2
341_apskritimas,apskritimas,circle,M,apskritimo,,,,341,Math,341_apskritimas.webp,forms machine-generated — (accents & irregulars),apskritìmas,kirtis.info,A2
342_kvadratas,kvadratas,square,M,kvadrato,,,,342,Math,342_kvadratas.webp,forms machine-generated — (accents & irregulars),kvadrãtas,kirtis.info,A2
343_temperatura,temperatūra,temperature,F,temperatūros,,,,343,Math,343_temperatura.webp,forms machine-generated — (accents & irregulars),temperatūrà,wiktionary,A2
344_data,data,date,,datos,,,,344,Math,344_data.webp,forms machine-generated — (accents & irregulars),data,wiktionary-html,A2
345_svoris,svoris,weight,,svorio,,,,345,Math,345_svoris.webp,forms machine-generated — (accents & irregulars),svõris,wiktionary,A2
346_krastas,kraštas,edge,M,krašto,,,,346,Math,346_krastas.webp,forms machine-generated — (accents & irregulars),krãštas,wiktionary,A2
347_kampas,kampas,corner,M,kampo,,,,347,Math,347_kampas.webp,forms machine-generated — (accents & irregulars),kam̃pas,wiktionary,A2
348_zemelapis,žemėlapis,map,M,žemėlapio,,,,348,Misc,348_zemelapis.webp,forms machine-generated — (accents & irregulars),žemė́lapis,wiktionary,A1
349_taskas,taškas,dot,M,taško,,,,349,Misc,349_taskas.webp,forms machine-generated — (accents & irregulars),tãškas,wiktionary,A1
350_priebalsis,priebalsis,consonant,,priebalsio,,,,350,Misc,350_priebalsis.webp,forms machine-generated — (accents & irregulars),príebalsis,wiktionary,A2
351_balsis,balsis,vowel,,balsio,,,,351,Misc,351_balsis.webp,forms machine-generated — (accents & irregulars),bal̃sis,wiktionary,A2
352_sviesa,šviesa,light,,šviesos,,,,352,Misc,352_sviesa.webp,forms machine-generated — (accents & irregulars),šviesà,wiktionary,A2
353_garsas,garsas,sound,,garso,,,,353,Misc,353_garsas.webp,forms machine-generated — (accents & irregulars),gar̃sas,wiktionary,A2
354_taip,taip,yes,,,,,,354,Misc,354_taip.webp,forms machine-generated — (accents & irregulars),taĩp,wiktionary,A2
355_ne,ne,no,,,,,,355,Misc,355_ne.webp,forms machine-generated — (accents & irregulars),ne,wiktionary-html,A2
356_gabalas,gabalas,piece,,gabalo,,,,356,Misc,356_gabalas.webp,forms machine-generated — (accents & irregulars),gãbalas,wiktionary,A2
357_skausmas,skausmas,pain,,skausmo,,,,357,Misc,357_skausmas.webp,forms machine-generated — (accents & irregulars),skaũsmas,wiktionary,A2
358_suzalojimas,sužalojimas,injury,M,sužalojimo,,,,358,Misc,358_suzalojimas.webp,forms machine-generated — (accents & irregulars),sužalójimas,kirtis.info,A1
359_zaizda,žaizda,wound,F,žaizdos,,,,359,Misc,359_zaizda.webp,forms machine-generated — (accents & irregulars),žaizdà,wiktionary,A1
360_skyle,skylė,hole,F,skylės,,,,360,Misc,360_skyle.webp,forms machine-generated — (accents & irregulars),skylė̃,wiktionary,A1
361_vaizdas,vaizdas,image,M,vaizdo,,,,361,Misc,361_vaizdas.webp,forms machine-generated — (accents & irregulars),vaĩzdas,wiktionary,A1
362_rastas,raštas,"writing, script",,rašto,,,,362,Misc,362_rastas.webp,raštas = writing/script (primary sense); owner-confirmed 1.7.8,rãštas,wiktionary,A2
363_dirbti,dìrbti,work,,,dìrba,dìrbo,,363,Verbs,363_dirbti.webp,forms machine-generated — (accents & irregulars),dìrbti,wiktionary,A1
364_zaisti,žaĩsti,play (a game),V,,žaĩdžia,žaĩdė,,364,Verbs,364_zaisti.webp,forms machine-generated — (accents & irregulars),žaĩsti,wiktionary,A1
365_groti,gróti,play (an instrument),V,,grója,grójo,,365,Verbs,365_groti.webp,forms machine-generated — (accents & irregulars),gróti,wiktionary,A1
366_eiti,eĩti,walk,,,eĩna,ė̃jo,,366,Verbs,366_eiti.webp,forms machine-generated — (accents & irregulars),eĩti,wiktionary,A1
367_begti,bė́gti,run,,,bė́ga,bė́go,,367,Verbs,367_begti.webp,forms machine-generated — (accents & irregulars),bė́gti,wiktionary,A1
368_vairuoti,vairúoti,drive,,,vairúoja,vairãvo,,368,Verbs,368_vairuoti.webp,forms machine-generated — (accents & irregulars),vairúoti,wiktionary,A1
369_skristi,skrìsti,fly,,,skrẽnda,skrìdo,,369,Verbs,369_skristi.webp,forms machine-generated — (accents & irregulars),skrìsti,wiktionary,A1
370_plaukti,plaũkti,swim,,,plaũkia,plaũkė,,370,Verbs,370_plaukti.webp,forms machine-generated — (accents & irregulars),plaũkti,wiktionary,A1
371_eiti,eĩti,go,,,eĩna,ė̃jo,,371,Verbs,371_eiti.webp,forms machine-generated — (accents & irregulars),eĩti,wiktionary,A1
372_sustoti,sustóti,stop,,,sustója,sustójo,,372,Verbs,372_sustoti.webp,forms machine-generated — (accents & irregulars),sustóti,verb-generation,A1
373_sekti,sèkti,follow,,,sẽka,sẽkė,,373,Verbs,373_sekti.webp,forms machine-generated — (accents & irregulars),sèkti,wiktionary,A1
374_galvoti,galvóti,think,,,galvója,galvójo,,374,Verbs,374_galvoti.webp,forms machine-generated — (accents & irregulars),galvóti,wiktionary,A2
375_sakyti,sakýti,say,,,sãko,sãkė,,375,Verbs,375_sakyti.webp,forms machine-generated — (accents & irregulars),sakýti,wiktionary,A1
376_valgyti,válgyti,eat,,,válgo,válgė,,376,Verbs,376_valgyti.webp,forms machine-generated — (accents & irregulars),válgyti,wiktionary,A1
377_gerti,gérti,drink,,,gẽria,gė́rė,,377,Verbs,377_gerti.webp,forms machine-generated — (accents & irregulars),gérti,wiktionary,A1
378_zudyti,žudýti,kill,,,žùdo,žùdė,,378,Verbs,378_zudyti.webp,forms machine-generated — (accents & irregulars),žudýti,wiktionary,A1
379_mirti,mìrti,die,,,mìršta,mìrė,,379,Verbs,379_mirti.webp,forms machine-generated — (accents & irregulars),mir̃ti,wiktionary,A1
380_sypsotis,šypsótis,smile,,,šỹpsosi,šỹpsojosi,,380,Verbs,380_sypsotis.webp,forms machine-generated — (accents & irregulars),šypsótis,wiktionary,A1
381_juoktis,juõktis,laugh,,,juõkiasi,juõkėsi,,381,Verbs,381_juoktis.webp,forms machine-generated — (accents & irregulars),juõktis,wiktionary,A1
382_verkti,ver̃kti,cry,,,ver̃kia,ver̃kė,,382,Verbs,382_verkti.webp,forms machine-generated — (accents & irregulars),ver̃kti,wiktionary,A1
383_pirkti,pir̃kti,buy,,,per̃ka,pir̃ko,,383,Verbs,383_pirkti.webp,forms machine-generated — (accents & irregulars),pir̃kti,wiktionary,A1
384_moketi,mokė́ti,pay,,,móka,mokė́jo,,384,Verbs,384_moketi.webp,forms machine-generated — (accents & irregulars),mokė́ti,wiktionary,A1
385_parduoti,parduóti,sell,,,par̃duoda,par̃davė,,385,Verbs,385_parduoti.webp,forms machine-generated — (accents & irregulars),pardúoti,wiktionary,A1
386_sauti,šáuti,shoot,,,šáuna,šóvė,,386,Verbs,386_sauti.webp,forms machine-generated — (accents & irregulars),šáuti,verb-generation,A1
387_mokytis,mókytis,learn,,,mókosi,mókėsi,,387,Verbs,387_mokytis.webp,forms machine-generated — (accents & irregulars),mókytis,wiktionary,A2
388_sokti,šókti,jump,,,šóka,šóko,,388,Verbs,388_sokti.webp,forms machine-generated — (accents & irregulars),šókti,wiktionary,A1
389_uostyti,úostyti,smell,,,úosto,úostė,,389,Verbs,389_uostyti.webp,forms machine-generated — (accents & irregulars),úostyti,wiktionary,A1
390_girdeti,girdė́ti,hear,,,gir̃di,girdė́jo,,390,Verbs,390_girdeti.webp,forms machine-generated — (accents & irregulars),girdė́ti,wiktionary,A1
391_klausytis,klausýtis,listen,,,klaũsosi,klaũsėsi,,391,Verbs,391_klausytis.webp,forms machine-generated — (accents & irregulars),klausýtis,verb-generation,A1
392_ragauti,ragáuti,taste,,,ragáuja,ragãvo,,392,Verbs,392_ragauti.webp,forms machine-generated — (accents & irregulars),ragáuti,verb-generation,A1
393_liesti,liẽsti,touch,,,liẽčia,liẽtė,,393,Verbs,393_liesti.webp,forms machine-generated — (accents & irregulars),liẽsti,wiktionary,A1
394_matyti,matýti,see,,,mãto,mãtė,,394,Verbs,394_matyti.webp,forms machine-generated — (accents & irregulars),matýti,wiktionary,A1
395_ziureti,žiūrė́ti,watch,,,žiū̃ri,žiūrė́jo,,395,Verbs,395_ziureti.webp,forms machine-generated — (accents & irregulars),žiūrė́ti,wiktionary,A1
396_buciuoti,bučiúoti,kiss,,,bùčiuoja,bùčiavo,,396,Verbs,396_buciuoti.webp,forms machine-generated — (accents & irregulars),bučiúoti,wiktionary,A1
397_degti,dègti,burn,,,dẽga,dẽgė,,397,Verbs,397_degti.webp,forms machine-generated — (accents & irregulars),dègti,wiktionary,A1
398_tirpti,tir̃pti,melt,,,tir̃psta,tir̃po,,398,Verbs,398_tirpti.webp,forms machine-generated — (accents & irregulars),tir̃pti,wiktionary,A1
399_kasti,kàsti,dig,,,kãsa,kãsė,,399,Verbs,399_kasti.webp,forms machine-generated — (accents & irregulars),kàsti,wiktionary,A1
400_sprogti,sprógti,explode,,,sprógsta,sprógo,,400,Verbs,400_sprogti.webp,forms machine-generated — (accents & irregulars),sprógti,wiktionary,A1
401_sedeti,sėdė́ti,sit,,,sė́di,sėdė́jo,,401,Verbs,401_sedeti.webp,forms machine-generated — (accents & irregulars),sėdė́ti,wiktionary,A1
402_stoveti,stovė́ti,stand,,,stóvi,stovė́jo,,402,Verbs,402_stoveti.webp,forms machine-generated — (accents & irregulars),stovė́ti,wiktionary,A1
403_myleti,mylė́ti,love,,,mýli,mylė́jo,,403,Verbs,403_myleti.webp,forms machine-generated — (accents & irregulars),mylė́ti,wiktionary,A2
404_praeiti,praeĩti,pass by,,,praeĩna,praė̃jo,,404,Verbs,404_praeiti.webp,forms machine-generated — (accents & irregulars),praei̇̃ti,wiktionary,A1
405_pjauti,pjáuti,cut,,,pjáuna,pjóvė,,405,Verbs,405_pjauti.webp,forms machine-generated — (accents & irregulars),pjáuti,wiktionary,A1
406_mustis,mùštis,fight,,,mùšasi,mùšėsi,,406,Verbs,406_mustis.webp,forms machine-generated — (accents & irregulars),mùštis,verb-generation,A1
407_guleti,gulė́ti,lie down,,,gùli,gulė́jo,,407,Verbs,407_guleti.webp,forms machine-generated — (accents & irregulars),gulė́ti,wiktionary,A1
408_sokti,šókti,dance,,,šóka,šóko,,408,Verbs,408_sokti.webp,forms machine-generated — (accents & irregulars),šókti,wiktionary,A1
409_miegoti,miegóti,sleep,,,miẽga,miegójo,,409,Verbs,409_miegoti.webp,forms machine-generated — (accents & irregulars),miegóti,wiktionary,A1
410_pabusti,pabùsti,wake up,,,pabuñda,pabùdo,,410,Verbs,410_pabusti.webp,forms machine-generated — (accents & irregulars),pabùsti,verb-generation,A1
411_dainuoti,dainúoti,sing,,,dainúoja,dainãvo,,411,Verbs,411_dainuoti.webp,forms machine-generated — (accents & irregulars),dainúoti,wiktionary,A1
412_skaiciuoti,skaičiúoti,count,,,skaĩčiuoja,skaĩčiavo,,412,Verbs,412_skaiciuoti.webp,forms machine-generated — (accents & irregulars),skaičiúoti,wiktionary,A1
413_tuoktis,tuõktis,marry,,,tuõkiasi,tuõkėsi,,413,Verbs,413_tuoktis.webp,forms machine-generated — (accents & irregulars),tuõktis,verb-generation,A1
414_melstis,mel̃stis,pray,,,mel̃džiasi,mel̃dėsi,,414,Verbs,414_melstis.webp,forms machine-generated — (accents & irregulars),mel̃stis,verb-generation,A2
415_laimeti,laimė́ti,win,,,laĩmi,laimė́jo,,415,Verbs,415_laimeti.webp,forms machine-generated — (accents & irregulars),laimė́ti,wiktionary,A2
416_pralaimeti,pralaimė́ti,lose,,,pralaĩmi,pralaimė́jo,,416,Verbs,416_pralaimeti.webp,forms machine-generated — (accents & irregulars),pralaimė́ti,verb-generation,A2
417_maisyti,maišýti,mix,,,maĩšo,maĩšė,,417,Verbs,417_maisyti.webp,forms machine-generated — (accents & irregulars),maišýti,wiktionary,A1
418_lenkti,leñkti,bend,,,leñkia,leñkė,,418,Verbs,418_lenkti.webp,forms machine-generated — (accents & irregulars),leñkti,verb-generation,A1
419_plauti,pláuti,wash,,,pláuna,plóvė,,419,Verbs,419_plauti.webp,forms machine-generated — (accents & irregulars),pláuti,wiktionary,A1
420_gaminti,gamìnti,cook,,,gãmina,gãmino,,420,Verbs,420_gaminti.webp,forms machine-generated — (accents & irregulars),gami̇̀nti,wiktionary,A1
421_atidaryti,atidarýti,open,,,atìdaro,atìdarė,,421,Verbs,421_atidaryti.webp,forms machine-generated — (accents & irregulars),atidarýti,wiktionary,A1
422_uzdaryti,uždarýti,close,,,ùždaro,ùždarė,,422,Verbs,422_uzdaryti.webp,forms machine-generated — (accents & irregulars),uždarýti,verb-generation,A1
423_rasyti,rašýti,write,,,rãšo,rãšė,,423,Verbs,423_rasyti.webp,forms machine-generated — (accents & irregulars),rašýti,wiktionary,A1
424_skambinti,skam̃binti,call,,,skam̃bina,skam̃bino,,424,Verbs,424_skambinti.webp,forms machine-generated — (accents & irregulars),skam̃binti,wiktionary,A1
425_sukti,sùkti,turn,,,sùka,sùko,,425,Verbs,425_sukti.webp,forms machine-generated — (accents & irregulars),sùkti,wiktionary,A1
426_statyti,statýti,build,,,stãto,stãtė,,426,Verbs,426_statyti.webp,forms machine-generated — (accents & irregulars),statýti,wiktionary,A1
427_mokyti,mokýti,teach,,,móko,mókė,,427,Verbs,427_mokyti.webp,forms machine-generated — (accents & irregulars),mókyti,wiktionary,A2
428_augti,áugti,grow,,,áuga,áugo,,428,Verbs,428_augti.webp,forms machine-generated — (accents & irregulars),áugti,wiktionary,A1
429_piesti,piẽšti,draw,,,piẽšia,piẽšė,,429,Verbs,429_piesti.webp,forms machine-generated — (accents & irregulars),piẽšti,wiktionary,A1
430_maitinti,maitìnti,feed,,,maĩtina,maĩtino,,430,Verbs,430_maitinti.webp,forms machine-generated — (accents & irregulars),maitìnti,verb-generation,A1
431_gaudyti,gaudýti,catch,,,gáudo,gáudė,,431,Verbs,431_gaudyti.webp,forms machine-generated — (accents & irregulars),gáudyti,wiktionary,A1
432_mesti,mèsti,throw,,,mẽta,mẽtė,,432,Verbs,432_mesti.webp,forms machine-generated — (accents & irregulars),mèsti,wiktionary,A1
433_valyti,valýti,clean,,,vãlo,vãlė,,433,Verbs,433_valyti.webp,forms machine-generated — (accents & irregulars),valýti,wiktionary,A1
434_rasti,ràsti,find,,,rañda,rãdo,,434,Verbs,434_rasti.webp,forms machine-generated — (accents & irregulars),ràsti,wiktionary,A1
435_kristi,krìsti,fall,,,kriñta,krìto,,435,Verbs,435_kristi.webp,forms machine-generated — (accents & irregulars),krìsti,wiktionary,A1
436_stumti,stùmti,push,,,stùmia,stū́mė,,436,Verbs,436_stumti.webp,forms machine-generated — (accents & irregulars),stùmti,verb-generation,A1
437_traukti,tráukti,pull,,,traũkia,traũkė,,437,Verbs,437_traukti.webp,forms machine-generated — (accents & irregulars),tráukti,wiktionary,A1
438_nesti,nèšti,carry,,,nẽša,nẽšė,,438,Verbs,438_nesti.webp,forms machine-generated — (accents & irregulars),nèšti,wiktionary,A1
439_lauzyti,láužyti,break,,,láužo,láužė,,439,Verbs,439_lauzyti.webp,forms machine-generated — (accents & irregulars),láužyti,verb-generation,A1
440_deveti,dėvė́ti,wear,,,dė́vi,dėvė́jo,,440,Verbs,440_deveti.webp,forms machine-generated — (accents & irregulars),dėvė́ti,verb-generation,A1
441_kabinti,kabìnti,hang,,,kabìna,kabìno,,441,Verbs,441_kabinti.webp,forms machine-generated — (accents & irregulars),kabìnti,verb-generation,A1
442_purtyti,purtýti,shake,,,pùrto,pùrtė,,442,Verbs,442_purtyti.webp,forms machine-generated — (accents & irregulars),purtýti,verb-generation,A1
443_pasirasyti,pasirašýti,sign,,,pasìrašo,pasìrašė,,443,Verbs,443_pasirasyti.webp,forms machine-generated — (accents & irregulars),pasirašýti,verb-generation,A1
444_musti,mùšti,beat,,,mùša,mùšė,,444,Verbs,444_musti.webp,forms machine-generated — (accents & irregulars),mùšti,wiktionary,A1
445_kelti,kélti,lift,,,kẽlia,kė́lė,,445,Verbs,445_kelti.webp,forms machine-generated — (accents & irregulars),kélti,wiktionary,A1
446_ilgas,ilgas,long,M/F,,,,ilga,446,Adjectives,446_ilgas.webp,forms machine-generated — (accents & irregulars),i̇̀lgas,wiktionary,A1
447_trumpas,trumpas,short-long,M/F,,,,trumpa,447,Adjectives,447_trumpas.webp,forms machine-generated — (accents & irregulars),trum̃pas,wiktionary,A1
448_aukstas,aukštas,tall,M/F,,,,aukšta,448,Adjectives,448_aukstas.webp,forms machine-generated — (accents & irregulars),áukštas,wiktionary,A1
449_zemas,žemas,short-tall,M/F,,,,žema,449,Adjectives,449_zemas.webp,forms machine-generated — (accents & irregulars),žẽmas,wiktionary,A1
450_platus,platus,wide,M/F,,,,plati,450,Adjectives,450_platus.webp,forms machine-generated — (accents & irregulars),platùs,wiktionary,A1
451_siauras,siauras,narrow,M/F,,,,siaura,451,Adjectives,451_siauras.webp,forms machine-generated — (accents & irregulars),siaũras,wiktionary,A1
452_didelis,didelis,big,M/F,,,,didelė,452,Adjectives,452_didelis.webp,forms machine-generated — (accents & irregulars),dìdelis,wiktionary,A1
453_mazas,mažas,small,M/F,,,,maža,453,Adjectives,453_mazas.webp,forms machine-generated — (accents & irregulars),mãžas,wiktionary,A1
454_letas,lėtas,slow,M/F,,,,lėta,454,Adjectives,454_letas.webp,forms machine-generated — (accents & irregulars),lėtas,wiktionary,A1
455_greitas,greitas,fast,M/F,,,,greita,455,Adjectives,455_greitas.webp,forms machine-generated — (accents & irregulars),greĩtas,wiktionary,A1
456_karstas,karštas,hot,M/F,,,,karšta,456,Adjectives,456_karstas.webp,forms machine-generated — (accents & irregulars),kárštas,wiktionary,A1
457_saltas,šaltas,cold,M/F,,,,šalta,457,Adjectives,457_saltas.webp,forms machine-generated — (accents & irregulars),šáltas,wiktionary,A1
458_siltas,šiltas,warm,M/F,,,,šilta,458,Adjectives,458_siltas.webp,forms machine-generated — (accents & irregulars),šil̃tas,wiktionary,A1
459_vesus,vėsus,cool,M/F,,,,vėsi,459,Adjectives,459_vesus.webp,forms machine-generated — (accents & irregulars),vėsùs,wiktionary,A1
460_naujas,naujas,new,M/F,,,,nauja,460,Adjectives,460_naujas.webp,forms machine-generated — (accents & irregulars),naũjas,wiktionary,A1
461_senas,senas,old-new,M/F,,,,sena,461,Adjectives,461_senas.webp,forms machine-generated — (accents & irregulars),sẽnas,wiktionary,A1
462_jaunas,jaunas,young,M/F,,,,jauna,462,Adjectives,462_jaunas.webp,forms machine-generated — (accents & irregulars),jáunas,wiktionary,A1
463_senas,senas,old-young,M/F,,,,sena,463,Adjectives,463_senas.webp,forms machine-generated — (accents & irregulars),sẽnas,wiktionary,A1
464_geras,geras,good,M/F,,,,gera,464,Adjectives,464_geras.webp,forms machine-generated — (accents & irregulars),gẽras,wiktionary,A2
465_blogas,blogas,bad,M/F,,,,bloga,465,Adjectives,465_blogas.webp,forms machine-generated — (accents & irregulars),blõgas,wiktionary,A2
466_slapias,šlapias,wet,M/F,,,,šlapia,466,Adjectives,466_slapias.webp,forms machine-generated — (accents & irregulars),šlãpias,wiktionary,A1
467_sausas,sausas,dry,M/F,,,,sausa,467,Adjectives,467_sausas.webp,forms machine-generated — (accents & irregulars),saũsas,wiktionary,A1
468_sergantis,sergantis,sick,M/F,,,,serganti,468,Adjectives,468_sergantis.webp,forms machine-generated — (accents & irregulars),ser̃gantis,wiktionary,A1
469_sveikas,sveikas,healthy,M/F,,,,sveika,469,Adjectives,469_sveikas.webp,forms machine-generated — (accents & irregulars),sveĩkas,wiktionary,A1
470_garsus,garsus,loud,M/F,,,,garsi,470,Adjectives,470_garsus.webp,forms machine-generated — (accents & irregulars),garsus,wiktionary-html,A1
471_tylus,tylus,quiet,M/F,,,,tyli,471,Adjectives,471_tylus.webp,forms machine-generated — (accents & irregulars),tylùs,kirtis.info,A1
472_laimingas,laimingas,happy,M/F,,,,laiminga,472,Adjectives,472_laimingas.webp,forms machine-generated — (accents & irregulars),laimìngas,wiktionary,A1
473_liudnas,liūdnas,sad,M/F,,,,liūdna,473,Adjectives,473_liudnas.webp,forms machine-generated — (accents & irregulars),liū̃dnas,wiktionary,A1
474_grazus,gražus,beautiful,M/F,,,,graži,474,Adjectives,474_grazus.webp,forms machine-generated — (accents & irregulars),gražùs,wiktionary,A1
475_bjaurus,bjaurus,ugly,M/F,,,,bjauri,475,Adjectives,475_bjaurus.webp,forms machine-generated — (accents & irregulars),bjaurùs,wiktionary,A1
476_kurcias,kurčias,deaf,M/F,,,,kurčia,476,Adjectives,476_kurcias.webp,forms machine-generated — (accents & irregulars),kur̃čias,kirtis.info,A1
477_aklas,aklas,blind,M/F,,,,akla,477,Adjectives,477_aklas.webp,forms machine-generated — (accents & irregulars),ãklas,wiktionary,A1
478_malonus,malonus,nice,M/F,,,,maloni,478,Adjectives,478_malonus.webp,forms machine-generated — (accents & irregulars),malonùs,wiktionary,A1
479_piktas,piktas,mean,,,,,,479,Adjectives,479_piktas.webp,forms machine-generated — (accents & irregulars),pìktas,wiktionary,A2
480_turtingas,turtingas,rich,M/F,,,,turtinga,480,Adjectives,480_turtingas.webp,forms machine-generated — (accents & irregulars),turtìngas,wiktionary,A1
481_neturtingas,neturtingas,poor,M/F,,,,neturtinga,481,Adjectives,481_neturtingas.webp,forms machine-generated — (accents & irregulars),neturtìngas,kirtis.info,A1
482_storas,storas,thick,M/F,,,,stora,482,Adjectives,482_storas.webp,forms machine-generated — (accents & irregulars),stóras,wiktionary,A1
483_plonas,plonas,thin,M/F,,,,plona,483,Adjectives,483_plonas.webp,forms machine-generated — (accents & irregulars),plónas,wiktionary,A1
484_brangus,brangus,expensive,M/F,,,,brangi,484,Adjectives,484_brangus.webp,forms machine-generated — (accents & irregulars),brangùs,wiktionary,A1
485_pigus,pigus,cheap,M/F,,,,pigi,485,Adjectives,485_pigus.webp,forms machine-generated — (accents & irregulars),pigùs,wiktionary,A1
486_plokscias,plokščias,flat,M/F,,,,plokščia,486,Adjectives,486_plokscias.webp,forms machine-generated — (accents & irregulars),plókščias,kirtis.info,A1
487_islenktas,išlenktas,curved,M/F,,,,išlenkta,487,Adjectives,487_islenktas.webp,forms machine-generated — (accents & irregulars),ìšlenktas,kirtis.info,A1
488_vyriskas,vyriškas,male,M/F,,,,vyriška,488,Adjectives,488_vyriskas.webp,forms machine-generated — (accents & irregulars),výriškas,wiktionary,A1
489_moteriskas,moteriškas,female,M/F,,,,moteriška,489,Adjectives,489_moteriskas.webp,forms machine-generated — (accents & irregulars),móteriškas,wiktionary,A1
490_ankstas,ankštas,tight,M/F,,,,ankšta,490,Adjectives,490_ankstas.webp,forms machine-generated — (accents & irregulars),añkštas,wiktionary,A1
491_laisvas,laisvas,loose,M/F,,,,laisva,491,Adjectives,491_laisvas.webp,forms machine-generated — (accents & irregulars),laĩsvas,wiktionary,A1
492_aukstas,aukštas,high,M/F,,,,aukšta,492,Adjectives,492_aukstas.webp,forms machine-generated — (accents & irregulars),áukštas,wiktionary,A1
493_zemas,žemas,low,M/F,,,,žema,493,Adjectives,493_zemas.webp,forms machine-generated — (accents & irregulars),žẽmas,wiktionary,A1
494_minkstas,minkštas,soft,M/F,,,,minkšta,494,Adjectives,494_minkstas.webp,forms machine-generated — (accents & irregulars),mìnkštas,wiktionary,A1
495_kietas,kietas,hard,M/F,,,,kieta,495,Adjectives,495_kietas.webp,forms machine-generated — (accents & irregulars),kíetas,wiktionary,A1
496_gilus,gilus,deep,M/F,,,,gili,496,Adjectives,496_gilus.webp,forms machine-generated — (accents & irregulars),gilùs,wiktionary,A1
497_seklus,seklus,shallow,M/F,,,,sekli,497,Adjectives,497_seklus.webp,forms machine-generated — (accents & irregulars),seklus,wiktionary-html,A1
498_svarus,švarus,clean,M/F,,,,švari,498,Adjectives,498_svarus.webp,forms machine-generated — (accents & irregulars),švarùs,wiktionary,A1
499_purvinas,purvinas,dirty,M/F,,,,purvina,499,Adjectives,499_purvinas.webp,forms machine-generated — (accents & irregulars),pur̃vinas,kirtis.info,A1
500_stiprus,stiprus,strong,M/F,,,,stipri,500,Adjectives,500_stiprus.webp,forms machine-generated — (accents & irregulars),stiprùs,wiktionary,A1
501_silpnas,silpnas,weak,M/F,,,,silpna,501,Adjectives,501_silpnas.webp,forms machine-generated — (accents & irregulars),sil̃pnas,wiktionary,A1
502_negyvas,negyvas,dead,M/F,,,,negyva,502,Adjectives,502_negyvas.webp,forms machine-generated — (accents & irregulars),negývas,kirtis.info,A1
503_gyvas,gyvas,alive,M/F,,,,gyva,503,Adjectives,503_gyvas.webp,forms machine-generated — (accents & irregulars),gývas,wiktionary,A1
504_sunkus,sunkus,heavy,M/F,,,,sunki,504,Adjectives,504_sunkus.webp,forms machine-generated — (accents & irregulars),sunkùs,wiktionary,A1
505_lengvas,lengvas,light-heavy,M/F,,,,lengva,505,Adjectives,505_lengvas.webp,forms machine-generated — (accents & irregulars),leñgvas,wiktionary,A1
506_tamsus,tamsus,dark,M/F,,,,tamsi,506,Adjectives,506_tamsus.webp,forms machine-generated — (accents & irregulars),tamsùs,wiktionary,A1
507_sviesus,šviesus,light-dark,M/F,,,,šviesi,507,Adjectives,507_sviesus.webp,forms machine-generated — (accents & irregulars),šviesùs,wiktionary,A1
508_branduolinis,branduolinis,nuclear,,,,,,508,Adjectives,508_branduolinis.webp,forms machine-generated — (accents & irregulars),branduolìnis,wiktionary,A2
509_garsus,garsus,famous,,,,,,509,Adjectives,509_garsus.webp,forms machine-generated — (accents & irregulars),garsus,wiktionary-html,A2
510_as,aš,I,,,,,,510,Pronouns,510_as.webp,forms machine-generated — (accents & irregulars),àš,wiktionary,A2
511_tu,tu,you sg,,,,,,511,Pronouns,511_tu.webp,forms machine-generated — (accents & irregulars),tù,wiktionary,A2
512_jis,jis,he,,,,,,512,Pronouns,512_jis.webp,forms machine-generated — (accents & irregulars),jìs,wiktionary,A2
513_ji,ji,she,,,,,,513,Pronouns,513_ji.webp,forms machine-generated — (accents & irregulars),ji,wiktionary-html,A2
514_tai,tai,it,,,,,,514,Pronouns,514_tai.webp,forms machine-generated — (accents & irregulars),taĩ,wiktionary,A2
515_mes,mes,we,,,,,,515,Pronouns,515_mes.webp,forms machine-generated — (accents & irregulars),mẽs,wiktionary,A2
516_jus,jūs,you pl,,,,,,516,Pronouns,516_jus.webp,forms machine-generated — (accents & irregulars),jūs,wiktionary-html,A2
517_jie,jie,they,,,,,,517,Pronouns,517_jie.webp,forms machine-generated — (accents & irregulars),jie,wiktionary-html,A2
528_serti,šérti,feed (animals),,,šẽria,šė́rė,,528,Verbs,528_serti.webp,forms machine-generated — (accents & irregulars),šérti,verb-generation,A2
529_lesinti,lẽsinti,feed (birds),,,lẽsina,lẽsino,,529,Verbs,529_lesinti.webp,forms machine-generated — (accents & irregulars),lẽsinti,verb-generation,A2
530_lydyti,lýdyti,melt (something),,,lýdo,lýdė,,530,Verbs,530_lydyti.webp,"transitive melt (cf. 398 tirpti, intransitive); accent + forms owner-confirmed 1.7.8",lýdyti,owner (kirtis),A1
