#,category,english,type,flags,depictable,subject_phrase_EN,lithuanian_TARGET,lt_pron,gender,card_text,notes,level
1,Animal,dog,N,,yes,a single dog standing alert in side profile,šuo,šúo,M,,,A1
2,Animal,cat,N,,yes,a single domestic cat in side profile,katė,katė́,F,,,A1
3,Animal,fish,N,,yes,a single freshwater fish (a carp),žuvis,žuvís,F,,,A1
4,Animal,bird,N,,yes,a single bird in side profile,paukštis,paúkštis,M,,,A1
5,Animal,cow,N,,yes,a single dairy cow in side profile,karvė,kárvė,F,,,A1
6,Animal,pig,N,,yes,a single farm pig,kiaulė,kiaúlė,F,,,A1
7,Animal,mouse,N,,yes,a single house mouse,pelė,pelė́,F,,,A1
8,Animal,horse,N,,yes,a single working horse in side profile,arklys,arklýs,M,,,A1
9,Animal,wing,N,,yes,a bird's outstretched wing,sparnas,spárnas,M,,,A1
10,Animal,animal,N,categoryC,category-multi,"a specimen chart of three common animals — a dog, a cat, and a fish — in a row",gyvūnas,gyvū́nas,M,,,A1
11,Transportation,train,N,,yes,a passenger train with locomotive and one carriage,traukinys,traukinýs,M,,,A1
12,Transportation,plane,N,,yes,a passenger airplane,lėktuvas,lėktúvas,M,,,A1
13,Transportation,car,N,,yes,a compact 1970s sedan car,automobilis,automobílis,M,,,A1
14,Transportation,truck,N,,yes,a flatbed cargo truck,sunkvežimis,sunkvežímis,M,,,A1
15,Transportation,bicycle,N,,yes,a bicycle,dviratis,dvíratis,M,,,A1
16,Transportation,bus,N,,yes,a city bus,autobusas,autobúsas,M,,,A1
17,Transportation,boat,N,,yes,a small rowing boat,valtis,váltis,F,,,A1
18,Transportation,ship,N,,yes,a cargo ship,laivas,laívas,M,,,A1
19,Transportation,tire,N,,yes,a rubber road tire,padanga,padangá,F,,stress: CHECK,A1
20,Transportation,gasoline,N,,yes,a fuel canister and a pump nozzle,benzinas,benzínas,M,,,A1
21,Transportation,engine,N,,yes,an automobile engine block,variklis,varíklis,M,,,A1
22,Transportation,train ticket,N,,yes,a small blank paper train ticket,bilietas,bílietas,M,,,A1
23,Transportation,transportation,N,categoryC,category-multi,"a chart of transport modes — a bus, a truck, and a bicycle — in side profile",transportas,tránsportas,M,,,A1
24,Location,city,N,,yes,a busy city street panorama — crowds of pedestrians and cars among tall mid-rise buildings,miestas,miéstas,M,,,A1
25,Location,house,N,,yes,a single modest house from the front,namas,námas,M,,,A1
26,Location,apartment,N,,yes,a large apartment block with one apartment unit indicated by an arrow,butas,bútas,M,,,A1
27,Location,street,N,,yes,a straight city street with pavement and lampposts,gatvė,gátvė,F,,,A1
28,Location,road,N,,yes,a country road running through fields,kelias,kélias,M,,,A1
29,Location,airport,N,,yes,an airport terminal building with an airplane behind it,oro uostas,óro uóstas,M,,,A1
30,Location,train station,N,,yes,a railway station building with a platform,stotis,stotís,F,,,A1
31,Location,bridge,N,,yes,a river bridge,tiltas,tíltas,M,,,A1
32,Location,hotel,N,,yes,a hotel building with a doorman and an arriving guest carrying a suitcase,viešbutis,viéšbutis,M,,,A1
33,Location,restaurant,N,,yes,a small restaurant with a glimpse of the dining room,restoranas,restoránas,M,,,A1
34,Location,farm,N,,yes,a farmstead with a barn and a field,ūkis,ū́kis,M,,,A1
35,Location,court,N,,yes,"a courtroom with a judge at the raised bench, wooden gavel in hand",teismas,teísmas,M,,,A1
36,Location,school,N,,yes,a schoolhouse building with young children with satchels arriving at the door,mokykla,mokyklá,F,,,A1
37,Location,office,N,,yes,"an office room with desks, clerks in everyday clothes at typewriters and telephones",biuras,biúras,M,,,A1
38,Location,room,N,,yes,a plain empty room seen from a doorway,kambarys,kambarýs,M,,,A1
39,Location,town,N,,yes,"a small town main square of low wooden houses around a cobbled square, a modest church spire visible far in the distance behind the rooftops",miestelis,miestélis,M,,,A1
40,Location,university,N,,yes,"a university main building with a columned portico, young adult students with books on the steps",universitetas,universitétas,M,,,A1
41,Location,club,N,,yes,young people dancing in a club hall in the evening,klubas,klúbas,M,,,A1
42,Location,bar,N,,yes,a small bar interior with a counter,baras,báras,M,,,A1
43,Location,park,N,,yes,"a public park with paths, benches and trees",parkas,párkas,M,,,A1
44,Location,camp,N,,yes,a campsite with tents,stovykla,stovyklá,F,,,A1
45,Location,store/shop,N,,yes,a small shop with its storefront,parduotuvė,parduotúvė,F,,,A1
46,Location,theater,N,,yes,a theatre building with a columned facade,teatras,teátras,M,,,A1
47,Location,library,N,,yes,a library building,biblioteka,biblioteká,F,,,A1
48,Location,hospital,N,,yes,a hospital building with an ambulance at the entrance,ligoninė,ligóninė,F,,,A1
49,Location,church,N,,yes,a village church with a tower,bažnyčia,bažnýčia,F,,,A1
50,Location,market,N,,yes,an open-air market with stalls,turgus,túrgus,M,,,A1
51,Location,country,N,,yes,"a wall map of one whole country, its national border drawn as a single bold outline, a small Lithuanian tricolor planted at its centre",šalis,šalís,F,,šalis=nation; not 'countryside',A1
52,Location,building,N,,yes,"three different buildings side by side — a dwelling house, an office block, and a public hall",pastatas,pástatas,M,,,A1
53,Location,ground,N,,yes,"a mound of dark earth soil with a spade thrust into it, a pair of cupped hands holding a handful of soil beside it",žemė,žémė,F,,,A1
54,Location,space,N,,yes,"outer space with stars, the Moon and a satellite",kosmosas (kosminė erdvė),kósmosas (kósminė erdvė́),M,,outer space; erdvė=expanse (F),A1
55,Location,bank,N,,yes,a bank building with a columned entrance,bankas,bánkas,M,,,A1
56,Location,location,N,categoryC,category-multi,a hand with a pointing finger marking one circled spot on a local wall map,vieta,vietá,F,,,A1
57,Clothing,hat,N,,yes,a warm cloth cap,kepurė,kepúrė,F,,,A1
58,Clothing,dress,N,,yes,a simple 1970s woman's dress,suknelė,suknélė,F,,,A1
59,Clothing,suit,N,,yes,a man's two-piece suit,kostiumas,kostiúmas,M,,,A1
60,Clothing,skirt,N,,yes,a plain skirt,sijonas,sijónas,M,,,A1
61,Clothing,shirt,N,,yes,a button-up shirt,marškiniai,marškiniái,M pl,,,A1
62,Clothing,T-shirt,N,,yes,a plain short-sleeved T-shirt,marškinėliai (maikė),marškinė́liai (máikė),M pl,,stress: CHECK,A1
63,Clothing,pants,N,,yes,a pair of trousers,kelnės,kélnės,F pl,,,A1
64,Clothing,shoes,N,,yes,a pair of leather shoes,batai,bátai,M pl,,,A1
65,Clothing,pocket,N,,yes,"a coat pocket in close view, a hand slipping a notebook in",kišenė,kišénė,F,,,A1
66,Clothing,coat,N,,yes,a long wool overcoat,paltas,páltas,M,,,A1
67,Clothing,stain,N,,yes,a dark stain on a shirt front,dėmė,dėmė́,F,,,A1
68,Clothing,clothing,N,categoryC,category-multi,"an outfitting chart — a coat, trousers, boots and a cap laid out flat in a grid",drabužiai,drabúžiai,M pl,,,A1
69,Color,red,N,,yes,"a group of plain red objects — an apple, a fire bucket, a ribbon",raudonas/raudona,raudónas/raudóna,M/F,,carries m/f pair; supersedes row 518 (decision Q1),A1
70,Color,green,N,,yes,"a group of plain green objects — a leaf, a cucumber, a glass bottle",žalias/žalia,žálias/žaliá,M/F,,carries m/f pair; supersedes row 519 (decision Q1),A1
71,Color,blue,N,,yes,"a group of plain blue objects — an enamel mug, work coveralls, a cornflower",mėlynas/mėlyna,mė́lynas/mė́lyna,M/F,,carries m/f pair; supersedes row 520 (decision Q1),A1
72,Color,yellow,N,,yes,"a group of plain yellow objects — a lemon, amber beads, ripe wheat",geltonas/geltona,geltónas/geltóna,M/F,,carries m/f pair; supersedes row 521 (decision Q1),A1
73,Color,brown,N,,yes,"a group of plain brown objects — a loaf of bread, a leather boot, a chestnut",rudas/ruda,rúdas/rudá,M/F,,carries m/f pair; supersedes row 522 (decision Q1),A1
74,Color,pink,N,,yes,"a group of plain pink objects — a piglet, a rose, a scarf",rožinis/rožinė,róžinis/róžinė,M/F,,carries m/f pair; supersedes row 523 (decision Q1),A1
75,Color,orange (color),N,,yes,"a group of plain orange objects — an orange, a carrot, a fox",oranžinis/oranžinė,oránžinis/oránžinė,M/F,,carries m/f pair; supersedes row 524 (decision Q1),A1
76,Color,black,N,,yes,"a group of plain black objects — a lump of coal, rubber work boots, a black cat",juodas/juoda,juódas/juodá,M/F,,carries m/f pair; supersedes row 525 (decision Q1),A1
77,Color,white,N,,yes,"a group of plain white objects — a goose, a stick of chalk, an enamel basin",baltas/balta,báltas/baltá,M/F,,carries m/f pair; supersedes row 526 (decision Q1),A1
78,Color,gray,N,,yes,"a group of plain gray objects — a mouse, a woolen sock, an overcast cloud",pilkas/pilka,pílkas/pilká,M/F,,carries m/f pair; supersedes row 527 (decision Q1),A1
79,Color,color,N,categoryC,category-multi,a painter's swatch chart of muted color squares with a paintbrush,spalva,spalvá,,,,A1
80,People,son,N,disambig,yes,"a father standing with his young son, an arrow indicating the boy",sūnus,sūnús,M,,,A1
81,People,daughter,N,disambig,yes,"a mother standing with her young daughter, an arrow indicating the girl",dukra,dukrá,F,,,A1
82,People,mother,N,,yes,a mother holding a small child,motina,mótina,F,,,A1
83,People,father,N,,yes,a father holding a child's hand,tėvas,tė́vas,M,,,A1
84,People,parent,N,,yes,"a mother and father standing side by side, arrows indicating both adults, their small child standing apart beside them",tėvai,tėvái,M pl,,no single word; tėvai=parents(pl) — treat as category (tėvas/motina),A1
85,People,baby,N,,yes,a swaddled baby,kūdikis,kū́dikis,M,,,A1
86,People,man,N,,yes,"an adult man standing, front view",vyras,výras,M,,,A1
87,People,woman,N,,yes,"an adult woman standing, front view",moteris,móteris,F,,,A1
88,People,brother,N,disambig,yes,"two brothers close in age and alike in features, side by side, an arrow indicating one",brolis,brólis,M,,,A1
89,People,sister,N,disambig,yes,"two sisters — an older and a younger girl — side by side, an arrow indicating one",sesuo,sesúo,F,,,A1
90,People,family,N,,yes,a family of four — parents and two children,šeima,šeimá,F,,,A1
91,People,grandfather,N,,yes,"an elderly grandfather with a walking stick, a child beside him",senelis,senélis,M,,,A1
92,People,grandmother,N,,yes,"an elderly grandmother in a headscarf, a child beside her",senelė,senélė,F,,,A1
93,People,husband,N,disambig,yes,"a married couple standing together, an arrow indicating the husband, wedding rings visible",vyras,výras,M,,vyras=husband/man; sutuoktinis=spouse,A1
94,People,wife,N,disambig,yes,"a married couple standing together, an arrow indicating the wife, wedding rings visible",žmona,žmoná,,,,A1
95,People,king,N,,yes,a king with a crown and mantle,karalius,karálius,M,,,A1
96,People,queen,N,,yes,a queen with a crown,karalienė,karaliénė,F,,,A1
97,People,president,N,,yes,"a male president and a female president at matching plain podiums, side by side, the Lithuanian tricolor draped on the wall behind them",prezidentas/prezidentė,prezidéntas/prezidéntė,M/F,,dual-gender; pl prezidentai; dual-form card: two figures m+f (decision Q7),A1
98,People,neighbor,N,,yes,"two neighbours — a man and a woman — greeting each other from opposite sides of a low garden fence, one on each side",kaimynas/kaimynė,kaimýnas/kaimýnė,M/F,,dual-gender; pl kaimynai; dual-form card: two figures m+f (decision Q7),A1
99,People,boy,N,,yes,a young boy,berniukas,berniúkas,M,,,A1
100,People,girl,N,,yes,a young girl,mergaitė,mergaítė,F,,,A1
101,People,child,N,,yes,"an age row — a baby, a child, a teenager, and a grown adult — one bold arrow indicating the child",vaikas,vaíkas,M,,,A1
102,People,adult,N,,yes,"a man and a woman standing beside a child, an arrow indicating the two adults",suaugęs/suaugusi,suaúgęs/suaúgusi,M/F,,suaugęs (adj) / suaugusysis (noun) | dual-gender; pl suaugusieji; dual-form card: two figures m+f (decision Q7),A1
103,People,human,N,,yes,"a standing human figure, front view",žmogus,žmogús,M,,,A1
104,People,friend,N,,yes,"two friends — two men — with arms around each other's shoulders, laughing together",draugas/draugė,draúgas/draúgė,M/F,,dual-gender; pl draugai; dual-form card: two figures m+f (decision Q7),A1
105,People,victim,N,,yes,an injured person on a stretcher being helped by two aides,auka,auká,F,,,A1
106,People,player,N,,yes,two players — a man and a woman — in plain sports jerseys and shorts with a ball on a sports field,žaidėjas/žaidėja,žaidė́jas/žaidė́ja,M/F,,dual-gender; pl žaidėjai; dual-form card: two figures m+f (decision Q7),A1
107,People,fan (sports),N,,yes,two cheering spectators — a man and a woman — with scarves in a stadium stand,sirgalius/sirgalė,sirgálius/sirgálė,M/F,,dual-gender; pl sirgaliai | sports fan; electric fan=ventiliatorius; stress: CHECK; dual-form card: two figures m+f (decision Q7),A1
108,People,crowd,N,,yes,a dense crowd of ordinary people,minia,miniá,F,,,A1
109,People,person,N,categoryC,category-multi,"three ordinary people of different ages standing in a row — a man, a woman, and an elderly person",asmuo,asmúo,M,,,A1
110,Job,teacher,N,,yes,"two teachers — a man and a woman — at a blackboard with pointers, the board bearing only simple diagrams",mokytojas/mokytoja,mókytojas/mókytoja,M/F,"the letters ""ABC"" written once on the blackboard with the numbers ""123"" written once beneath them.",dual-gender; pl mokytojai; dual-form card: two figures m+f (decision Q7),A1
111,Job,student,N,,yes,"two university students — a man and a woman — young adults with books in a lecture hall, a lecturer at the lectern behind them",studentas/studentė,studéntas/studéntė,M/F,,dual-gender; pl studentai; dual-form card: two figures m+f (decision Q7),A1
112,Job,lawyer,N,,yes,two lawyers — a man and a woman — in suits with documents at a desk,advokatas/advokatė,advokátas/advokátė,M/F,,dual-gender; pl advokatai; dual-form card: two figures m+f (decision Q7),A1
113,Job,doctor,N,,yes,two doctors — a man and a woman — in white coats with stethoscopes,gydytojas/gydytoja,gýdytojas/gýdytoja,M/F,,dual-gender; pl gydytojai; dual-form card: two figures m+f (decision Q7),A1
114,Job,patient,N,,yes,two patients — a man and a woman — in neighbouring hospital beds,pacientas/pacientė,paciéntas/paciéntė,M/F,,dual-gender; pl pacientai; dual-form card: two figures m+f (decision Q7),A1
115,Job,waiter,N,,yes,two waiters — a man and a woman — each carrying a tray,padavėjas/padavėja,padavė́jas/padavė́ja,M/F,,dual-gender; pl padavėjai; dual-form card: two figures m+f (decision Q7),A1
116,Job,secretary,N,,yes,two secretaries — a man and a woman — at typewriters,sekretorius/sekretorė,sekretórius/sekretórė,M/F,,dual-gender; pl sekretoriai; dual-form card: two figures m+f (decision Q7),A1
117,Job,priest,N,,yes,a priest in a cassock before a church,kunigas,kúnigas,M,,,A1
118,Job,police officer,N,,yes,two uniformed police officers — a man and a woman — directing traffic,policininkas/policininkė,policíninkas/policíninkė,M/F,,dual-gender; pl policininkai; dual-form card: two figures m+f (decision Q7),A1
119,Job,police force,N,,yes,a group of uniformed police officers beside a patrol car,policija,polícija,F,,the institution,A1
120,Job,army,N,,yes,a column of soldiers marching,kariuomenė,kariuómenė,F,,stress: CHECK,A1
121,Job,soldier,N,,yes,a single soldier in uniform,kareivis,kareívis,M,,,A1
122,Job,artist,N,,yes,two artists — a man and a woman — painting at easels,menininkas/menininkė,meníninkas/meníninkė,M/F,,dual-gender; pl menininkai; dual-form card: two figures m+f (decision Q7),A1
123,Job,author,N,,yes,two authors — a man and a woman — writing at a shared desk,autorius/autorė,aútorius/aútorė,M/F,,dual-gender; pl autoriai; stress: CHECK; dual-form card: two figures m+f (decision Q7),A1
124,Job,manager,N,,yes,"two managers — a man and a woman — standing before seated staff, one pointing at a wall chart, directing the work",vadovas/vadovė,vadóvas/vadóvė,M/F,,dual-gender; pl vadovai; dual-form card: two figures m+f (decision Q7),A1
125,Job,reporter,N,,yes,two reporters — a man and a woman — with notebooks and a microphone,žurnalistas/žurnalistė,žurnalístas/žurnalístė,M/F,,dual-gender; pl žurnalistai; dual-form card: two figures m+f (decision Q7),A1
126,Job,actor,N,,yes,two actors — a man and a woman — performing on a stage,aktorius/aktorė,aktórius/aktórė,M/F,,dual-gender; pl aktoriai; dual-form card: two figures m+f (decision Q7),A1
127,Job,job,N,categoryC,category-multi,"a chart of three trades at work — a doctor, a builder, and a teacher — in small panels",darbas,dárbas,M,,,A1
128,Society,religion,N,,yes,"a calm specimen chart of faith: a church, a lit candle, a holy book, and folded praying hands",religija,,,,LT owner-confirmed 1.7.8,A2
129,Society,heaven,N,,yes,a GO-style vision of heaven: tall pearly gates opening onto golden clouds with a throne and shafts of light. Do NOT include any arrow or marking.,dangus,,,,LT owner-confirmed 1.7.8,A2
130,Society,hell,N,,yes,"a GO-style vision of hell: red flames and a red horned devil with a forked tail and pitchfork, its stern moustached face faintly recalling Stalin, presiding over the fire. Do NOT include any arrow or marking.",pragaras,,,,LT owner-confirmed 1.7.8,A2
131,Society,death,N,,yes,a plain gravestone with wilting flowers in a quiet cemetery,mirtis,,,,LT owner-confirmed 1.7.8,A2
132,Society,medicine,N,,yes,"a medicine bottle, a spoon of syrup and a blister pack of tablets on a bedside table",vaistai,,,,LT owner-confirmed 1.7.8,A2
133,Society,money,N,,yes,a fan of interwar Lithuanian LITAI banknotes and some litas coins spread on a table,pinigai,,,,LT owner-confirmed 1.7.8,A2
134,Society,dollar,N,,yes,"a single US one-dollar banknote and a coin on a table, a bold arrow on the dollar note",doleris,,,,LT owner-confirmed 1.7.8,A2
135,Society,bill,N,,yes,a single interwar Lithuanian litas banknote held up between two fingers,banknotas,,,,LT owner-confirmed 1.7.8,A2
136,Society,marriage,N,disambig,yes,a bride and groom exchanging rings before a registry official,santuoka,,,,LT owner-confirmed 1.7.8,A2
137,Society,wedding,N,disambig,yes,a wedding scene — a couple exchanging rings before a small group of guests outside a registry office,vestuvės,vestúvės,F,,promoted to picture deck (decision Q6); plural-only noun,A1
138,Society,team,N,,yes,a sports team of players in matching kit lined up together in a row,komanda,,,,LT owner-confirmed 1.7.8,A2
139,Society,relationship,N,,yes,"two people facing each other holding both hands, a small linking symbol between them",santykiai,,,,LT owner-confirmed 1.7.8,A2
140,Society,race ethnicity,N,,yes,"a ring of interlocking human hands of many different skin tones, a circle of diverse human profiles behind them, and small fictional national flags in the background",rasė,,,,LT owner-confirmed 1.7.8,A2
141,Society,sex act,N,,yes,"a closed hotel room door with a small hanging tag on the handle, a man's and a woman's shoes left together on the floor just outside it, and empty champagne bottles with two glasses beside them — the suggestion of a couple's private night together",seksas,,,,LT owner-confirmed 1.7.8,A2
142,Society,sex gender,N,,yes,"a GO-style man and woman standing side by side, the male Mars symbol floating above the man's head and the female Venus symbol above the woman's head",lytis,,,,LT owner-confirmed 1.7.8,A2
143,Society,murder,N,,yes,a stark black silhouette of one figure stabbing another figure in the back with a knife,žmogžudystė,,,,LT owner-confirmed 1.7.8,A2
144,Society,prison,N,,yes,a grim grey stone prison building with barred windows and a high perimeter wall,kalėjimas,,,,LT owner-confirmed 1.7.8,A2
145,Society,technology,N,,yes,"a calm specimen chart of period machines: a telephone, a radio, a tractor and a rocket",technologija,,,,LT owner-confirmed 1.7.8,A2
146,Society,energy,N,,yes,"a lightning bolt striking, a large battery, and humming power-line pylons",energija,,,,LT owner-confirmed 1.7.8,A2
147,Society,war,N,,yes,a deadpan civil-defence scene: soldier silhouettes and a tank on a smoky horizon with civilians fleeing carrying bundles,karas,,,,LT owner-confirmed 1.7.8,A2
148,Society,peace,N,,yes,"a fictional 1981 Soviet 'Woodstock' — a field gathering of GO-style long-haired hippies with guitars, flowers and peace banners, calm and happy",taika,,,,LT owner-confirmed 1.7.8,A2
149,Society,attack,N,,yes,a sergeant standing and gesturing his squad forward to storm a low concrete pillbox bunker,puolimas,,,,LT owner-confirmed 1.7.8,A2
150,Society,election,N,,yes,"a hand dropping a folded ballot paper into a sealed ballot box, a queue of voters waiting behind",rinkimai,,,,LT owner-confirmed 1.7.8,A2
151,Society,magazine,N,,yes,"the printed front COVER of the Lithuanian cultural magazine 'Naujoji Romuva', lying closed on a table",žurnalas,,,"the magazine masthead ""NAUJOJI ROMUVA"" written once across the top of the magazine cover.",LT owner-confirmed 1.7.8,A2
152,Society,newspaper,N,,yes,"a folded copy of the interwar Lithuanian newspaper 'Lietuvos Aidas' with its masthead and grey newsprint columns, on a table",laikraštis,,,,LT owner-confirmed 1.7.8,A2
153,Society,poison,N,,yes,"a dark glass bottle with a skull-and-crossbones poison label, set apart on a shelf",nuodai,,,,LT owner-confirmed 1.7.8,A2
154,Society,gun,N,,yes,a plain wooden-stocked hunting rifle laid flat on a table,ginklas,,,,LT owner-confirmed 1.7.8,A2
155,Society,sport,N,,yes,"a calm specimen chart of sports: football, running, boxing and swimming",sportas,,,,LT owner-confirmed 1.7.8,A2
156,Society,race sport,N,,yes,runners sprinting and breasting the finishing tape on a running track,lenktynės,,,,LT owner-confirmed 1.7.8,A2
157,Society,exercise,N,,yes,a person doing star-jump calisthenics in a plain gym,mankšta,,,,LT owner-confirmed 1.7.8,A2
158,Society,ball,N,,yes,a single football (soccer ball) resting on the grass,kamuolys,,,,LT owner-confirmed 1.7.8,A2
159,Society,game,N,,yes,children gathered around a table playing a board game with dice and counters,žaidimas,,,,LT owner-confirmed 1.7.8,A2
160,Society,price,N,,yes,"a market stall with a large hand-written price tag on the goods, a bold arrow pointing at the price",kaina,,,"the price ""5 Lt."" written once on the large hand-written price tag.",LT owner-confirmed 1.7.8,A2
161,Society,contract,N,,yes,two people shaking hands over a signed document with a pen and an official stamp on a desk,sutartis,,,,LT owner-confirmed 1.7.8,A2
162,Society,drug,N,,yes,syringes and hand-rolled marijuana cigarettes scattered on the dirty ground of a grimy back alley,narkotikas,,,,LT owner-confirmed 1.7.8,A2
163,Society,sign,N,,yes,"a triangular roadside warning sign on a post, its face blank",ženklas,žénklas,M,,promoted to picture deck (decision Q6); verb 'to sign'; ženklas=a sign(noun),A1
164,Society,science,N,,yes,"a laboratory bench with a bubbling flask, a microscope and a schematic atom diagram",mokslas,,,,LT owner-confirmed 1.7.8,A2
165,Society,God,N,,yes,"a GO-style Creation of Adam: two hands reaching across the clouds almost touching, God shown as a robed figure in the sky extending his hand from the left; a bold arrow pointing at GOD (the robed figure / his reaching hand), not at the man",Dievas,,,,LT owner-confirmed 1.7.8,A2
166,Art,band,N,,yes,"a small band performing on a stage — accordion, guitar and drum",grupė,grúpė,F,,,A1
167,Art,song,N,,yes,"a person singing with musical notes rising from their open mouth, a songbook in hand",daina,dainá,F,,,A2
168,Art,instrument,N,,yes,"a group of musical instruments — a violin, an accordion and a drum",instrumentas,instruméntas,M,,,A1
169,Art,music,N,,yes,"a small band of instruments — accordion, violin and drum — with musical notes floating above",muzika,,,,LT owner-confirmed 1.7.8,A2
170,Art,movie,N,,yes,a film projector casting its light beam onto a cinema screen before seated viewers,filmas,fílmas,M,,,A1
171,Art,art,N,,yes,"an easel holding a half-finished landscape painting, a palette and brushes beside it",menas,,,,LT owner-confirmed 1.7.8,A2
172,Beverages,coffee,N,,yes,a cup of coffee with a small coffee pot,kava,kavá,F,,,A1
173,Beverages,tea,N,,yes,a glass of tea with a teapot,arbata,arbatá,F,,,A1
174,Beverages,wine,N,,yes,a glass of red wine with its bottle,vynas,výnas,M,,,A1
175,Beverages,beer,N,,yes,a mug of beer,alus,alús,M,,,A1
176,Beverages,juice,N,,yes,a glass of juice with a jug,sultys,súltys,F pl,,,A1
177,Beverages,water,N,,yes,a clear glass and a canister of water,vanduo,vandúo,M,,,A1
178,Beverages,milk,N,,yes,a glass of milk with a milk can,pienas,piénas,M,,,A1
179,Beverages,beverage,N,categoryC,category-multi,"a row of drinks — a glass of water, a cup of tea, and a mug of beer",gėrimas,gė́rimas,M,,,A1
180,Food,egg,N,,yes,"a hen's egg, whole and one cracked open",kiaušinis,kiaušínis,M,,,A1
181,Food,cheese,N,,yes,a wheel of cheese with a cut wedge,sūris,sū́ris,M,,,A1
182,Food,bread,N,,yes,"a loaf of bread, whole with a cut slice",duona,duóna,F,,,A1
183,Food,soup,N,,yes,a bowl of soup with a spoon,sriuba,sriubá,F,,,A1
184,Food,cake,N,,yes,a layered cake with a slice cut out,tortas,tórtas,M,,,A1
185,Food,chicken,N,,yes,a cooked chicken served whole on a platter,vištiena,vištiéna,F,,vištiena=meat; the animal is višta | SPLIT? vištiena (meat) vs višta (the bird),A1
186,Food,pork,N,,yes,a raw cut of pork on a butcher's board,kiauliena,kiauliéna,F,,,A1
187,Food,beef,N,,yes,a raw cut of beef on a butcher's board,jautiena,jautiéna,F,,,A1
188,Food,apple,N,,yes,"a single apple, whole with a cutaway half",obuolys,obuolýs,M,,,A1
189,Food,banana,N,,yes,"a banana, whole and one peeled",bananas,banánas,M,,,A1
190,Food,orange (fruit),N,,yes,"an orange, whole and in segments",apelsinas,apelsínas,M,,apelsinas=fruit; oranžinė=color,A1
191,Food,lemon,N,,yes,"a lemon, whole with a cut half",citrina,citriná,F,,stress: CHECK,A1
192,Food,corn,N,,yes,ears of corn (maize) with husk,kukurūzai,kukurū́zai,M pl,,kukurūzai (plural in Lith.),A1
193,Food,rice,N,,yes,a sack and a bowl of rice grains,ryžiai,rýžiai,M pl,,,A1
194,Food,oil,N,,yes,a bottle of cooking oil pouring into a pan,aliejus,aliéjus,M,,FOOD oil only; machine oil=tepalas/alyva (separate card),A1
195,Food,oil (machine),N,,yes,an oil can lubricating machine gears,tepalas (alyva),tépalas (alyvá),M,,machine/lubricating oil; alyva also = motor oil (F),A1
196,Food,seed,N,,yes,"seeds in an open palm beside a plain seed packet, one seed sprouting",sėkla,sė́kla,F,,,A1
197,Food,knife,N,,yes,a kitchen knife,peilis,peílis,M,,,A1
198,Food,spoon,N,,yes,a soup spoon,šaukštas,šaúkštas,M,,,A1
199,Food,fork,N,,yes,a table fork,šakutė,šakútė,F,,,A1
200,Food,plate,N,,yes,a dinner plate,lėkštė,lėkštė́,F,,,A1
201,Food,cup,N,,yes,a tea cup with a saucer,puodelis,puodélis,M,,,A1
202,Food,breakfast,N,,yes,"a simple breakfast — porridge, bread and tea — with low morning sun through the window",pusryčiai,púsryčiai,M pl,,,A1
203,Food,lunch,N,,yes,"a midday canteen meal — soup, a main course and bread — with the sun high through the window",pietūs,piétūs,M pl,,,A1
204,Food,dinner,N,,yes,"an evening family meal at home, a lamp lit, the window dark",vakarienė,vakariénė,F,,,A1
205,Food,sugar,N,,yes,a bowl of sugar cubes with a paper sack,cukrus,cúkrus,M,,,A1
206,Food,salt,N,,yes,a salt cellar with a small pile of salt,druska,druská,F,,,A1
207,Food,bottle,N,,yes,an empty glass bottle,butelis,bútelis,M,,,A1
208,Food,food,N,categoryC,category-multi,"a spread of basic foods on a table — bread, cheese, apples and eggs",maistas,maístas,M,,,A1
209,Home,table,N,,yes,a plain wooden table,stalas,stálas,M,,,A1
210,Home,chair,N,,yes,a plain wooden chair,kėdė,kėdė́,F,,,A1
211,Home,bed,N,,yes,"a single bed, neatly made",lova,lóva,F,,,A1
212,Home,dream,N,,yes,a person asleep in bed with a soft thought-cloud above showing a floating dreamlike scene,sapnas,,,,LT owner-confirmed 1.7.8,A2
213,Home,window,N,,yes,a house window with frame and curtains,langas,lángas,M,,,A1
214,Home,door,N,,yes,a panel door with a handle,durys,dúrys,F pl,,,A1
215,Home,bedroom,N,,yes,a bedroom with a bed and a wardrobe,miegamasis,miegamásis,M,,,A1
216,Home,kitchen,N,,yes,a kitchen with a stove and a sink,virtuvė,virtúvė,F,,,A1
217,Home,bathroom,N,,yes,a bathroom with a bathtub and a sink,vonia,voniá,F,,,A1
218,Home,pencil,N,,yes,a wooden pencil,pieštukas,pieštúkas,M,,,A1
219,Home,pen,N,,yes,a fountain pen,rašiklis,rašíklis,M,,,A1
220,Home,photograph,N,,yes,a black-and-white family photograph print,nuotrauka,nuótrauka,F,,,A1
221,Home,soap,N,,yes,a bar of soap with lather,muilas,muílas,M,,,A1
222,Home,book,N,,yes,a closed book beside an open one,knyga,knygá,F,,,A1
223,Home,page,N,,yes,an open book with one blank page lifted mid-turn,puslapis,púslapis,M,,,A1
224,Home,key,N,,yes,a door key,raktas,ráktas,M,,,A1
225,Home,paint,N,,yes,an open paint tin with a brush,dažai,dažái,M pl,,,A1
226,Home,letter (mail),N,,yes,a sealed envelope letter,laiškas,laíškas,M,,a posted letter,A1
227,Misc,letter (alphabet),N,,yes,one single large letter A shown as an object on a stand,raidė,raidė́,F,,single-glyph exception approved (decision Q2),A2
228,Home,note,N,,yes,a small folded blank paper note passed from one hand to another,raštelis,raštélis,M,,raštelis=small note; užrašas=jotting | SPLIT? raštelis (a note) vs gaida (musical note),A1
229,Home,wall,N,,yes,a plain interior wall of a room,siena,siéna,F,,,A1
230,Home,paper,N,,yes,a stack of blank paper sheets,popierius,pópierius,M,,,A1
231,Home,floor,N,,yes,a room's wooden floorboards with an arrow pointing down at them,grindys,gríndys,F pl,,,A1
232,Home,ceiling,N,,yes,"a plain plastered room ceiling seen from below, its cornice moulding and the corner where two walls meet it clearly visible, one bold arrow pointing up at the flat ceiling surface",lubos,lúbos,F pl,,,A1
233,Home,roof,N,,yes,a house roof with tiles,stogas,stógas,M,,,A1
234,Home,pool,N,,yes,a swimming pool with lanes,baseinas,baseínas,M,,,A1
235,Home,lock,N,,yes,a closed padlock with its key,spyna,spyná,F,,,A1
236,Home,telephone,N,,yes,a rotary desk telephone,telefonas,telefónas,M,,,A1
237,Home,garden,N,,yes,a garden with vegetable beds and fruit trees,sodas,sódas,M,,,A1
238,Home,yard,N,,yes,"a household yard seen from inside the fence, the open swept ground behind a house as the main space, with a woodpile, a wooden bench and laundry drying on a line",kiemas,kiémas,M,,,A1
239,Home,needle,N,,yes,a sewing needle with thread,adata,ádata,F,,,A1
240,Home,bag,N,,yes,a carried shopping bag,krepšys,krepšýs,M,,,A1
241,Home,box,N,,yes,"a cardboard box, one open and one closed",dėžė,dėžė́,F,,,A1
242,Home,gift,N,,yes,a wrapped gift with a ribbon,dovana,dovaná,F,,,A1
243,Home,card,N,,yes,a small blank pocket card (a pass) held in a hand,kortelė,kortélė,F,,,A1
244,Home,ring,N,,yes,a gold ring,žiedas,žiédas,M,,,A1
245,Home,tool,N,,yes,"a set of hand tools — a hammer, a wrench and a screwdriver",įrankis,į́rankis,M,,,A1
246,Electronics,clock,N,,yes,"a wall clock, its face marked only with plain strokes",laikrodis,laíkrodis,M,,,A1
247,Electronics,lamp,N,,yes,"a table lamp, lit",lempa,lémpa,F,,,A1
248,Electronics,fan (electric),N,,yes,an electric table fan,ventiliatorius,ventiliátorius,M,,dual-gender; pl sirgaliai | electric fan; sports fan=sirgalius,A1
249,Electronics,cell phone,N,,yes,"a chunky handheld mobile telephone with a short thick antenna and large buttons, built as if manufactured in 1981",mobilusis telefonas,mobilúsis telefónas,M,,deadpan chunky anachronism (decision Q3),A1
250,Electronics,network,N,,yes,a diagram of linked nodes and cables connecting several computers and telephones,tinklas,,,,LT owner-confirmed 1.7.8,A2
251,Electronics,computer,N,,yes,a desktop computer with monitor and keyboard,kompiuteris,kompiúteris,M,,,A1
252,Electronics,program,N,,yes,a computer with a flowchart on its screen and a reel of punched tape feeding in,programa,,,,LT owner-confirmed 1.7.8,A2
253,Electronics,laptop,N,,yes,"a chunky portable computer, thick-cased, with a small screen and a heavy keyboard, built as if manufactured in 1981",nešiojamasis kompiuteris,nešiójamasis kompiúteris,M,,deadpan chunky anachronism (decision Q3),A1
254,Electronics,screen,N,,yes,a display screen (monitor) showing a plain diagram,ekranas,ekránas,M,,,A1
255,Electronics,camera,N,,yes,a 35mm photo camera,fotoaparatas,fotoaparátas,M,,,A1
256,Electronics,television,N,,yes,a 1970s television set on legs,televizorius,televízorius,M,,,A1
257,Electronics,radio,N,,yes,a tabletop radio receiver,radijas,rádijas,M,,,A1
258,Body,head,N,,yes,a human head in profile,galva,galvá,F,,,A1
259,Body,neck,N,,yes,"a human neck, indicated by an arrow on a figure",kaklas,káklas,M,,,A1
260,Body,face,N,,yes,"a human face, front view",veidas,veídas,M,,,A1
261,Body,beard,N,,yes,a bearded man's face,barzda,barzdá,F,,,A1
262,Body,hair,N,,yes,a head of hair being combed,plaukai,plaukái,M pl,,,A1
263,Body,eye,N,,yes,"a human eye, external close view",akis,akís,F,,,A1
264,Body,mouth,N,disambig,yes,"a slightly open mouth in close view, the whole mouth circled",burna,burná,F,,,A1
265,Body,lip,N,disambig,yes,"closed lips in close view, the upper and lower lip each indicated",lūpa,lū́pa,F,,,A1
266,Body,nose,N,,yes,a human nose in profile,nosis,nósis,F,,,A1
267,Body,tooth,N,,yes,a single tooth beside a smiling mouth showing teeth,dantis,dantís,M,,,A1
268,Body,ear,N,,yes,"a human ear, external side view",ausis,ausís,F,,,A1
269,Body,tear,N,,yes,a tear rolling down a cheek,ašara,ášara,F,,,A1
270,Body,tongue,N,,yes,a tongue shown out of an open mouth,liežuvis,liežúvis,M,,,A1
271,Body,back,N,,yes,"a person's back, seen from behind and indicated",nugara,núgara,F,,nugara=body; 'back' direction=atgal,A1
272,Body,toe,N,,yes,"the toes of a bare foot, one toe indicated",kojos pirštas,kójos pírštas,,,literally 'foot-finger',A1
273,Body,finger,N,,yes,"a hand with one finger extended, pointing",pirštas,pírštas,M,,,A1
274,Body,foot,N,,yes,a bare human foot,pėda,pėdá,F,,,A1
275,Body,hand,N,,yes,"an open human hand, the palm-to-fingers area highlighted",plaštaka,plaštaká,F,,hand=plaštaka; arm=ranka (Lith. 'ranka' colloquially covers both),A1
276,Body,leg,N,,yes,"a human leg, the whole limb indicated",koja,kója,F,,,A1
277,Body,arm,N,,yes,"a human arm, the whole limb from shoulder to hand indicated",ranka,ranká,F,,arm=ranka; hand=plaštaka,A1
278,Body,shoulder,N,,yes,"a person's shoulder, indicated by an arrow",petys,petýs,M,,,A1
279,Body,heart,N,,yes,a hand held over a chest with a simple schematic heart symbol beside it,širdis,širdís,F,,,A1
280,Body,blood,N,,yes,a first-aid scene — a finger with a drop of blood being bandaged,kraujas,kraújas,M,,,A1
281,Body,brain,N,,yes,"a standalone simplified schematic drawing of a brain, textbook-plate style",smegenys,smégenys,F pl,,,A1
282,Body,knee,N,,yes,"a bent knee, indicated on a walking figure",kelis,kélis,M,,knee: dictionaries vary kẽlis/kelỹs — confirm preferred form,A1
283,Body,sweat,N,,yes,"a worker wiping sweat from his brow, drops visible",prakaitas,prákaitas,M,,,A1
284,Body,disease,N,,yes,a person lying ill in bed with a thermometer in their mouth and a flushed feverish face,liga,,,,LT owner-confirmed 1.7.8,A2
285,Body,bone,N,,yes,a single long bone shown as a clean schematic object,kaulas,kaúlas,M,,,A1
286,Body,voice,N,,yes,an open mouth seen in profile with bold sound waves radiating outward from it,balsas,,,,LT owner-confirmed 1.7.8,A2
287,Body,skin,N,,yes,a forearm with a close-up of the skin surface,oda,óda,F,,,A1
288,Body,body,N,,yes,"a full human body standing, front view",kūnas,kū́nas,M,,,A1
289,Nature,sea,N,disambig,yes,a seaside scene with waves and the beach shore in view,jūra,jū́ra,F,,,A1
290,Nature,ocean,N,disambig,yes,"open ocean water to the horizon with a steamship, a small globe inset showing the oceans",vandenynas,vandenýnas,M,,,A1
291,Nature,river,N,,yes,a river winding through a valley,upė,úpė,F,,,A1
292,Nature,mountain,N,,yes,a single mountain peak,kalnas,kálnas,M,,,A1
293,Nature,rain,N,,yes,"rain falling on a street, a figure with an umbrella",lietus,lietús,M,,,A1
294,Nature,snow,N,,yes,"snow falling on a village, with snowdrifts",sniegas,sniégas,M,,,A1
295,Nature,tree,N,,yes,a single deciduous tree (an oak),medis,médis,M,,,A1
296,Nature,sun,N,,yes,the sun with rays above a field,saulė,saúlė,F,,,A1
297,Nature,moon,N,,yes,the crescent moon in a night sky,mėnulis,mėnúlis,M,,,A1
298,Nature,world,N,,yes,"a globe of the Earth showing the continents, on a small desk stand",pasaulis,,,,LT owner-confirmed 1.7.8,A2
299,Nature,Earth,N,,yes,the planet Earth seen from space,Žemė,Žémė,,,,A1
300,Nature,forest,N,,yes,the edge of a pine forest,miškas,míškas,M,,,A1
301,Nature,sky,N,,yes,a wide sky with clouds above a low horizon,dangus,dangús,M,,,A1
302,Nature,plant,N,,yes,a potted plant with visible stem and leaves,augalas,aúgalas,M,,,A1
303,Nature,wind,N,,yes,"wind bending trees, with dashed wind-direction lines and a blowing scarf",vėjas,vė́jas,M,,,A1
304,Nature,soil,N,,yes,dark soil in a furrow with a spade,žemė (dirvožemis),žémė (dírvožemis),F,,same word as 'ground'=žemė; disambiguate,A1
305,Nature,flower,N,,yes,a single flower (a tulip),gėlė,gėlė́,F,,,A1
306,Nature,valley,N,,yes,a river valley between hills,slėnis,slė́nis,M,,,A1
307,Nature,root,N,,yes,a plant's roots exposed below the soil line,šaknis,šaknís,F,,,A1
308,Nature,lake,N,,yes,a calm lake with its shoreline,ežeras,éžeras,M,,,A1
309,Nature,star,N,,yes,"stars in a night sky, one bright star indicated",žvaigždė,žvaigždė́,F,,,A1
310,Nature,grass,N,,yes,a tuft of green grass,žolė,žolė́,F,,,A1
311,Nature,leaf,N,,yes,a single leaf (a birch leaf),lapas,lápas,M,,,A1
312,Nature,air,N,,yes,"a diagram of curved flowing air currents around a breathing figure, wind lines and a fresh open window",oras,,,,LT owner-confirmed 1.7.8,A2
313,Nature,sand,N,,yes,"a handful of sand pouring, dunes behind",smėlis,smė́lis,M,,,A1
314,Nature,beach,N,,yes,"a Lithuanian seaside beach like Palanga or Nida — pale sand dunes with marram grass and the Baltic Sea — with holidaymakers playing on the sand: a beach ball game, children paddling at the water's edge, someone lying on a towel",paplūdimys,paplūdimýs,M,,,A1
315,Nature,wave,N,,yes,a breaking sea wave,banga,bangá,F,,,A1
316,Nature,fire,N,,yes,"a small contained fire with flames, a fire bucket beside it",ugnis,ugnís,F,,,A1
317,Nature,ice,N,,yes,a block of ice and icicles,ledas,lédas,M,,,A1
318,Nature,island,N,,yes,a small island in a lake,sala,salá,F,,,A1
319,Nature,hill,N,,yes,a low grassy hill,kalva,kalvá,F,,,A1
320,Nature,heat,N,,yes,wavy heat-shimmer lines rising off a hot glowing stove and a radiator,karštis,,,,LT owner-confirmed 1.7.8,A2
321,Nature,nature,N,categoryC,category-multi,"a Lithuanian landscape combining forest, river and sky",gamta,gamtá,F,,,A1
322,Materials,glass,N,,yes,a pane of glass held by a glazier,stiklas,stíklas,M,,SPLIT? stiklas (material) vs stiklinė (drinking glass),A1
323,Materials,metal,N,,yes,a metal ingot and a metal sheet,metalas,metálas,M,,,A1
324,Materials,plastic,N,,yes,a plastic sheet and a molded plastic bucket,plastikas,plástikas,M,,,A1
325,Materials,wood,N,,yes,sawn timber planks and a log,mediena,mediéna,F,,mediena=timber/material; medis=tree; miškas=woods — disambiguate,A1
326,Materials,stone,N,,yes,a granite fieldstone,akmuo,akmúo,M,,,A1
327,Materials,diamond,N,,yes,a cut diamond gem,deimantas,deímantas,M,,,A1
328,Materials,clay,N,,yes,a lump of clay being shaped on a potter's wheel,molis,mólis,M,,,A1
329,Materials,dust,N,,yes,dust swirling in a sunbeam above a shelf being wiped,dulkės,dúlkės,F pl,,,A1
330,Materials,gold,N,,yes,a gold bar and a gold ring,auksas,aúksas,M,,,A1
331,Materials,copper,N,,yes,a coil of copper wire and a copper pot,varis,váris,M,,,A1
332,Materials,silver,N,,yes,a silver spoon and a silver ingot,sidabras,sidábras,M,,,A1
333,Materials,material,N,categoryC,category-multi,"a sample board of materials — a wood block, a metal plate, a glass pane and a cloth swatch",medžiaga,medžiagá,F,,,A1
334,Math,meter,N,,yes,a wooden metre-stick fully extended with a bold bracket marking its length; a small Lithuanian tricolor and a small European Union flag side by side,metras,métras,M,"the unit mark ""m"" written once beside the metre-stick, and the number ""100"" with ""cm"" written once beneath it to show that one metre is a hundred centimetres.",,A2
335,Math,centimeter,N,,yes,a ruler with a bold bracket marking one small centimetre division; a small Lithuanian tricolor and a small European Union flag side by side,centimetras,centimétras,M,"the unit mark ""cm"" written once beside the marked centimetre division on the ruler.",,A2
336,Math,kilogram,N,,yes,a balance scale with a one-kilogram weight block on the pan; a small Lithuanian tricolor and a small European Union flag side by side,kilogramas,kilográmas,M,,,A2
337,Math,inch,N,,yes,a ruler with a bold bracket marking one inch division; a small United States flag and a small United Kingdom Union Jack side by side,colis,cólis,M,"the unit mark ""in"" written once beside the marked inch division on the ruler.",,A2
338,Math,foot,N,,yes,a ruler marked to a one-foot length laid beside a shoe; a small United States flag and a small United Kingdom Union Jack side by side,pėda,pėdá,F,,,A2
339,Math,pound,N,,yes,a balance scale with a one-pound weight block on the pan; a small United States flag and a small United Kingdom Union Jack side by side,svaras,sváras,M,,,A2
340,Math,half,N,,yes,"a round loaf cut cleanly into two equal halves, one half marked with a bold arrow",pusė,,,,LT owner-confirmed 1.7.8,A2
341,Math,circle,N,,yes,a single bold clean geometric circle drawn on the cream paper,apskritimas,apskritímas,M,,,A2
342,Math,square,N,,yes,a single bold clean geometric square drawn on the cream paper,kvadratas,kvadrátas,M,,,A2
343,Math,temperature,N,,yes,"a large thermometer with a marked mercury column, a hot sun at the top end and ice at the bottom end",temperatūra,temperatūrá,F,,,A2
344,Math,date,N,,yes,a tear-off wall calendar with one day boldly circled in red,data,,,,LT owner-confirmed 1.7.8,A2
345,Math,weight,N,,yes,"a heavy iron weight sitting on a scale, the pointer swung right over",svoris,,,,LT owner-confirmed 1.7.8,A2
346,Math,edge,N,,yes,a knife lying flat with a bold arrow pointing at its sharp cutting edge,kraštas,kráštas,M,,,A2
347,Math,corner,N,,yes,"the interior corner of a room where two walls and the floor meet, a bold arrow on the corner",kampas,kámpas,M,,,A2
348,Misc,map,N,,yes,"a wall map with roads and rivers, bearing no lettering",žemėlapis,žemė́lapis,M,,,A1
349,Misc,dot,N,,yes,a single bold dot marked on plain paper,taškas,táškas,M,,,A1
350,Misc,consonant,N,,yes,one single large letter B shown as an object on a stand,priebalsis,priébalsis,,"the five consonant letters ""B C D F G"" written once in a single neat row as the subject of the card.",single-glyph exception approved (decision Q2),A2
351,Misc,vowel,N,,yes,one single large letter A shown as an object on a stand,balsis,bálsis,,"the five vowel letters ""A E I O U"" written once in a single neat row as the subject of the card.",single-glyph exception approved (decision Q2),A2
352,Misc,light,N,,yes,a flashlight beam cutting a bright swath through an otherwise dark room,šviesa,,,,LT owner-confirmed 1.7.8,A2
353,Misc,sound,N,,yes,a bell ringing with bold radiating sound waves reaching a listening ear,garsas,,,,LT owner-confirmed 1.7.8,A2
354,Misc,yes,N,,yes,"a person nodding their head in agreement beside a big green tick mark, a small motion arrow on the nod",taip,,,,LT owner-confirmed 1.7.8,A2
355,Misc,no,N,,yes,"a person shaking their head in refusal beside a big bold red X cross-out rejection mark (an X shape, NOT a plus sign and NOT a medical cross), a small motion arrow on the head-shake",ne,,,,LT owner-confirmed 1.7.8,A2
356,Misc,piece,N,,yes,"a bar of chocolate with one piece broken off and set apart, a bold arrow on the single piece",gabalas,,,,LT owner-confirmed 1.7.8,A2
357,Misc,pain,N,,yes,"a person wincing and clutching their arm, a red starburst marking the spot of pain",skausmas,,,,LT owner-confirmed 1.7.8,A2
358,Misc,injury,N,,yes,a bandaged arm in a sling,sužalojimas,sužalójimas,M,,,A1
359,Misc,wound,N,,yes,a cut on a forearm being cleaned and bandaged,žaizda,žaizdá,F,,added per request,A1
360,Misc,hole,N,,yes,a round hole in a wooden board,skylė,skylė́,F,,skylė=hole in an object; duobė=pit in ground (maybe separate card),A1
361,Misc,image,N,,yes,a framed picture hanging on a wall,vaizdas,vaízdas,M,,vaizdas/paveikslas — fairly abstract,A1
362,Misc,"writing, script",N,,yes,a hand with a fountain pen writing lines of running handwriting across a sheet of paper,raštas,,,"the flowing handwritten script on the page itself, drawn as ordinary running handwriting in even lines; the individual words need not be legible. No other lettering, label or caption anywhere.",raštas = writing/script (primary sense); owner-confirmed 1.7.8 (was mis-glossed 'pattern'),A2
363,Verbs,work,V,,yes,"a road-repair gang of workmen labouring together on a street, digging and shovelling",dirbti,dírbti,,,,A1
364,Verbs,play (a game),V,,yes,two children playing with a ball,žaisti,žaísti,V,,games/sport,A1
365,Verbs,play (an instrument),V,,yes,a musician playing an accordion,groti,gróti,V,,musical instrument,A1
366,Verbs,walk,V,,yes,a worker walking forward in mid-stride,eiti,eíti,,,,A1
367,Verbs,run,V,,yes,a worker running at full stride,bėgti,bė́gti,,,,A1
368,Verbs,drive,V,,yes,a driver at the wheel of a truck,vairuoti,vairuóti,,,,A1
369,Verbs,fly,V,,yes,"a bird in level flight, wings mid-beat",skristi,skrísti,,,,A1
370,Verbs,swim,V,,yes,a swimmer mid-stroke in a pool lane,plaukti,plaúkti,,,,A1
371,Verbs,go,V,,yes,a worker setting off through a doorway into the street,eiti,eíti,,,,A1
372,Verbs,stop,V,,yes,a walking worker halted mid-step before a lowered barrier,sustoti,sustóti,,,,A1
373,Verbs,follow,V,,yes,"one worker walking close behind another, following",sekti,sékti,,,,A1
374,Verbs,think,V,,yes,a person with a hand to their chin and a thought-bubble above containing a lightbulb,galvoti,,,,LT owner-confirmed 1.7.8,A2
375,Verbs,say,V,,yes,"a worker speaking to another, mouth open, simple sound lines",sakyti,sakýti,,,depict via speech; kalbėti=speak,A1
376,Verbs,eat,V,,yes,a worker eating with a spoon,valgyti,válgyti,,,,A1
377,Verbs,drink,V,,yes,a worker drinking from a glass,gerti,gérti,,,,A1
378,Verbs,kill,V,,yes,a fly being swatted with a rolled newspaper,žudyti,žudýti,,,,A1
379,Verbs,die,V,,yes,"a plain gravestone with no inscription, wilting flowers laid at its base",mirti,mírti,,,"gravestone staging (decision Q5); routed as phrase-complete card, no motion insets",A1
380,Verbs,smile,V,,yes,"a woman smiling warmly, close portrait view",šypsotis,šypsótis,,,,A1
381,Verbs,laugh,V,,yes,two people laughing together at a canteen table,juoktis,juóktis,,,,A1
382,Verbs,cry,V,,yes,"a person crying, tears on the cheeks, a handkerchief in hand",verkti,vérkti,,,,A1
383,Verbs,buy,V,disambig,yes,a customer receiving wrapped goods across a shop counter,pirkti,pírkti,,,,A1
384,Verbs,pay,V,disambig,yes,a customer handing plain banknotes across a counter to a clerk,mokėti,mokė́ti,,,,A1
385,Verbs,sell,V,disambig,yes,a shopkeeper handing goods to a customer while receiving coins,parduoti,parduóti,,,,A1
386,Verbs,shoot,V,,yes,a marksman firing a rifle at a paper target on a range,šauti,šaúti,,,,A1
387,Verbs,learn,V,,yes,"a student at a desk absorbed in a book, a glowing arrow rising from the book to their head",mokytis,,,,LT owner-confirmed 1.7.8,A2
388,Verbs,jump,V,,yes,a worker jumping over a low obstacle,šokti,šókti,,,,A1
389,Verbs,smell,V,,yes,"a person sniffing a flower, scent lines rising to the nose",uostyti,uóstyti,,,,A1
390,Verbs,hear,V,disambig,yes,"a worker's head turning toward a distant ringing alarm bell, sound waves arriving",girdėti,girdė́ti,,,hear a sound,A1
391,Verbs,listen,V,disambig,yes,"a person seated attentively listening to a radio, ear inclined toward it",klausytis,klausýtis,,,listen to music,A1
392,Verbs,taste,V,,yes,a cook tasting soup from a ladle,ragauti,ragaúti,,,,A1
393,Verbs,touch,V,,yes,"a fingertip touching a smooth surface, the point of contact indicated",liesti,liésti,,,,A1
394,Verbs,see,V,,yes,"a worker seeing a distant water tower, a dotted sight line from eye to object",matyti,matýti,,,,A1
395,Verbs,watch,V,,yes,a person seated deliberately watching a television set,žiūrėti,žiūrė́ti,,,,A1
396,Verbs,kiss,V,,yes,a couple kissing on the cheek,bučiuoti,bučiuóti,,,,A1
397,Verbs,burn,V,,yes,a wooden plank burning with flame at a safe distance,degti,dégti,,,,A1
398,Verbs,melt,V,,yes,a block of ice melting into water,tirpti,tírpti,,,,A1
399,Verbs,dig,V,,yes,a worker digging a trench with a spade,kasti,kásti,,,,A1
400,Verbs,explode,V,,yes,"a small controlled demolition charge exploding at a distance, workers behind a barrier",sprogti,sprógti,,,,A1
401,Verbs,sit,V,,yes,a worker seated on a chair,sėdėti,sėdė́ti,,,,A1
402,Verbs,stand,V,,yes,a worker standing at ease,stovėti,stovė́ti,,,,A1
403,Verbs,love,V,,yes,"two people embracing warmly, a small red heart symbol between them",mylėti,,,,LT owner-confirmed 1.7.8,A2
404,Verbs,pass by,V,,yes,"a worker walking past a kiosk, a dashed path carrying on beyond it",praeiti,praeíti,,,,A1
405,Verbs,cut,V,,yes,a worker sawing a board on a sawhorse,pjauti,pjaúti,,,,A1
406,Verbs,fight,V,,yes,two boxers sparring in a ring,muštis,múštis,,,muštis=brawl; kovoti=struggle/combat,A1
407,Verbs,lie down,V,,yes,"a worker lying on a rest cot, awake with open eyes",gulėti,gulė́ti,,,,A1
408,Verbs,dance,V,,yes,"a couple dancing at a social evening, musical notes above",šokti,šókti,,,,A1
409,Verbs,sleep,V,,yes,a worker asleep on a cot,miegoti,miegóti,,,,A1
410,Verbs,wake up,V,,yes,"a worker sitting up in bed in the morning, sun through the window",pabusti,pabústi,,,,A1
411,Verbs,sing,V,,yes,"a small choir singing, mouths open, notes rising",dainuoti,dainuóti,,,,A1
412,Verbs,count,V,,yes,a clerk counting on an abacus at a stockroom desk,skaičiuoti,skaičiuóti,,,,A1
413,Verbs,marry,V,,yes,a couple exchanging rings before an official at a registry office,tuoktis,tuóktis,,,"tuoktis (reflexive); vesti (man marries), tekėti (woman marries)",A1
414,Verbs,pray,V,,yes,a person kneeling with hands clasped and head bowed in prayer before a simple Christian cross,melstis,,,,LT owner-confirmed 1.7.8,A2
415,Verbs,win,V,,yes,"a runner breasting the finish tape with arms raised in triumph, a bold arrow on the winner",laimėti,,,,LT owner-confirmed 1.7.8,A2
416,Verbs,lose,V,,yes,"a defeated runner trailing behind with head down, a bold arrow on the loser",pralaimėti,,,,LT owner-confirmed 1.7.8,A2
417,Verbs,mix,V,,yes,"a worker mixing mortar in a trough with a shovel, a circular motion arrow",maišyti,maišýti,,,mix/stir,A1
418,Verbs,bend,V,,yes,"a worker bending a metal rod in a vise, a curve arrow",lenkti,lénkti,,,,A1
419,Verbs,wash,V,,yes,a worker washing their hands,plauti,plaúti,,,,A1
420,Verbs,cook,V,,yes,a cook preparing food at a stove,gaminti,gamínti,,,gaminti (make food); virti=to boil,A1
421,Verbs,open,V,,yes,"a hand opening a door, an arc arrow showing the swing",atidaryti,atidarýti,,,,A1
422,Verbs,close,V,,yes,"a hand closing a door, a reverse arc arrow showing the swing",uždaryti,uždarýti,,,,A1
423,Verbs,write,V,,yes,a clerk writing with a pen on paper,rašyti,rašýti,,,,A1
424,Verbs,call,V,,yes,a worker dialing and speaking on a rotary telephone,skambinti,skambínti,,,,A1
425,Verbs,turn,V,,yes,"a worker turning a large pipe-valve wheel, a circular arrow",sukti,súkti,,,sukti/pasukti — confirm sense,A1
426,Verbs,build,V,,yes,a worker hammering a plank,statyti,statýti,,,,A1
427,Verbs,teach,V,,yes,a teacher at a chalkboard pointing to a lesson while pupils watch from their desks,mokyti,mókyti,,,,A2
428,Verbs,grow,V,,yes,"a plant growing in three stages from sprout to full height, an upward arrow",augti,aúgti,,,,A1
429,Verbs,draw,V,,yes,a hand drawing a simple picture with a pencil,piešti,piéšti,,,,A1
430,Verbs,feed,V,,yes,a worker scattering grain to chickens in a yard,maitinti,maitínti,,,,A1
431,Verbs,catch,V,,yes,a worker catching a tossed sack with both arms,gaudyti,gáudyti,,,,A1
432,Verbs,throw,V,,yes,"a worker throwing a sack onto a pile, an arc arrow",mesti,mésti,,,,A1
433,Verbs,clean,V,,yes,"a worker sweeping a corridor floor with a broom, one half already clean",valyti,valýti,,,,A1
434,Verbs,find,V,,yes,a worker finding lost keys beneath a workbench,rasti,rásti,,,,A1
435,Verbs,fall,V,,yes,"a crate tipping and falling from a warehouse shelf, a downward arrow",kristi,krísti,,,,A1
436,Verbs,push,V,,yes,a worker pushing a loaded handcart forward,stumti,stúmti,,,,A1
437,Verbs,pull,V,,yes,a worker pulling a rope-hauled cart toward himself,traukti,traúkti,,,,A1
438,Verbs,carry,V,,yes,a worker carrying a wooden crate with both arms,nešti,néšti,,,,A1
439,Verbs,break,V,,yes,a worker breaking a stick over his knee,laužyti,láužyti,,,,A1
440,Verbs,wear,V,,yes,"a worker wearing full protective work clothing, each item indicated",dėvėti,dėvė́ti,,,,A1
441,Verbs,hang,V,,yes,a worker hanging a framed picture on a wall hook,kabinti,kabínti,,,,A1
442,Verbs,shake,V,,yes,"a worker shaking an apple tree, apples falling, motion lines",purtyti,púrtyti,,,stress: CHECK,A1
443,Verbs,sign,V,,yes,"a hand signing a document with a pen, the signature a plain scribbled line",pasirašyti,pasirašýti,,,verb 'to sign'; ženklas=a sign(noun),A1
444,Verbs,beat,V,,yes,"a person beating a hanging rug with a carpet beater, dust puffing out",mušti,múšti,,,mušti — overlaps 'hit'; confirm vs FF sense,A1
445,Verbs,lift,V,,yes,a worker lifting a crate from the ground,kelti,kélti,,,,A1
446,Adjectives,long,A,,yes,"two anglers on a jetty holding up their catch side by side to compare — one short fish, one much LONGER fish — with a long measuring ruler laid beside them for scale; a bold arrow pointing to the long fish",ilgas/ilga,ílgas/ilgá,M/F,,,A1
447,Adjectives,short-long,A,,yes,a long rope and a short rope laid side by side for comparison; a bold arrow pointing clearly to the SHORT rope,trumpas/trumpa,trúmpas/trumpá,M/F,,,A1
448,Adjectives,tall,A,,yes,"a tall basketball player standing beside a wall height-measuring chart (stadiometer) that shows his great height, next to a short man for contrast; a bold arrow pointing to the TALL basketball player",aukštas/aukšta,aúkštas/aukštá,M/F,,,A1
449,Adjectives,short-tall,A,,yes,"a tall basketball player beside a wall height-measuring chart, next to a short man for contrast; a bold arrow pointing to the SHORT man",žemas/žema,žémas/žemá,M/F,,,A1
450,Adjectives,wide,A,,yes,a wide doorway beside a narrow doorway; across the WIDE doorway a bold double-headed horizontal arrow spans the full opening to mark how wide it is,platus/plati,platús/platí,M/F,,,A1
451,Adjectives,narrow,A,,yes,a wide doorway beside a narrow doorway; across the NARROW doorway a bold double-headed horizontal arrow spans the small opening to mark how narrow it is,siauras/siaura,siaúras/siaurá,M/F,,,A1
452,Adjectives,big,A,,yes,"a big crate beside a small crate, a bold arrow marking the BIG one",didelis/didelė,dídelis/dídelė,M/F,,,A1
453,Adjectives,small,A,,yes,"a big crate beside a small crate, a bold arrow marking the SMALL one",mažas/maža,mážas/mažá,M/F,,,A1
454,Adjectives,slow,A,,yes,"the fable race of the tortoise and the hare along a country path with a few children watching from the roadside, a bold arrow marking the SLOW plodding tortoise",lėtas/lėta,lė́tas/lėtá,M/F,,stress: CHECK,A1
455,Adjectives,fast,A,,yes,"the fable race of the tortoise and the hare along a country path with a few children watching from the roadside, a bold arrow marking the FAST hare bounding ahead",greitas/greita,greítas/greitá,M/F,,,A1
456,Adjectives,hot,A,,yes,a steaming-hot kettle beside a cold block of ice; a bold arrow pointing directly at the HOT steaming kettle,karštas/karšta,kárštas/karštá,M/F,,,A1
457,Adjectives,cold,A,,yes,"a steaming kettle beside a block of ice, a bold arrow marking the COLD ice",šaltas/šalta,šáltas/šaltá,M/F,,,A1
458,Adjectives,warm,A,,yes,"a mug of warm tea with mild steam beside a cool glass of water with condensation, a bold arrow marking the WARM tea",šiltas/šilta,šíltas/šiltá,M/F,,,A1
459,Adjectives,cool,A,,yes,"a mug of warm tea with mild steam beside a cool glass of water with condensation, a bold arrow marking the COOL glass",vėsus/vėsi,vėsús/vėsí,M/F,,,A1
460,Adjectives,new,A,,yes,"a new pair of boots beside an old worn pair, a bold arrow marking the NEW pair",naujas/nauja,naújas/naujá,M/F,,,A1
461,Adjectives,old-new,A,,yes,"a new pair of boots beside an old worn pair, a bold arrow marking the OLD pair",senas/sena,sénas/sená,M/F,,= senas (same word as old-young); tell apart by image: old object vs old person; antonym naujas,A1
462,Adjectives,young,A,,yes,"a young man and an old man side by side, a bold arrow marking the YOUNG man",jaunas/jauna,jaúnas/jauná,M/F,,,A1
463,Adjectives,old-young,A,,yes,"a young man and an old man side by side, a bold arrow marking the OLD man",senas/sena,sénas/sená,M/F,,= senas (same word as old-new); antonym jaunas,A1
464,Adjectives,good,A,,yes,"a hand giving a firm thumbs-up beside a neat well-kept scene, a bold arrow on the thumbs-up",geras/gera,géras/gerá,M/F,,,A2
465,Adjectives,bad,A,,yes,"a hand giving a thumbs-down beside a spoilt messy scene, a bold arrow on the thumbs-down",blogas/bloga,blógas/blogá,M/F,,,A2
466,Adjectives,wet,A,,yes,"two shirts on a washing line, one dripping wet and one dry, a bold arrow marking the WET one",šlapias/šlapia,šlápias/šlapiá,M/F,,,A1
467,Adjectives,dry,A,,yes,"two shirts on a washing line, one dripping wet and one dry, a bold arrow marking the DRY one",sausas/sausa,saúsas/sausá,M/F,,,A1
468,Adjectives,sick,A,,yes,"a sick person in bed with a thermometer beside a healthy person exercising, a bold arrow marking the SICK one",sergantis/serganti,sérgantis/sérganti,M/F,,,A1
469,Adjectives,healthy,A,,yes,"a sick person in bed with a thermometer beside a healthy person exercising, a bold arrow marking the HEALTHY one",sveikas/sveika,sveíkas/sveiká,M/F,,,A1
470,Adjectives,loud,A,,yes,"a blaring loudspeaker with large sound waves beside a whispering person with tiny waves, a bold arrow marking the LOUD speaker",garsus/garsi,garsús/garsí,M/F,,,A1
471,Adjectives,quiet,A,,yes,"a marked contrast between a loud clanging alarm bell ringing on one side and, on the other, a person in a hushed still room holding one finger to their lips for silence; a bold arrow marks the QUIET, silent side",tylus/tyli,tylús/tylí,M/F,,,A1
472,Adjectives,happy,A,,yes,"a happy smiling face beside a sad downcast face, a bold arrow marking the HAPPY one",laimingas/laiminga,laimíngas/laimínga,M/F,,,A1
473,Adjectives,sad,A,,yes,"a marked contrast of two men's faces side by side, one happy and smiling, the other SAD and downcast with lowered eyes; a bold arrow points directly at the SAD man's face",liūdnas/liūdna,liū́dnas/liūdná,M/F,,,A1
474,Adjectives,beautiful,A,,yes,"a marked contrast between a beautiful, well-kept cottage with a blooming flower garden and fresh paint, and a shabby run-down house with peeling paint and weeds; a bold arrow marks the BEAUTIFUL cottage",gražus/graži,gražús/graží,M/F,,,A1
475,Adjectives,ugly,A,,yes,"a marked contrast between a beautiful, well-kept cottage with a blooming flower garden and fresh paint, and a shabby run-down house with peeling paint and weeds; a bold arrow marks the UGLY run-down house",bjaurus/bjauri (negražus/negraži),bjaurús/bjaurí (negražús/negraží),M/F,,,A1
476,Adjectives,deaf,A,,yes,"sound waves from a ringing bell stopping short at a person's ear, marked with a small crossed circle",kurčias/kurčia,kúrčias/kurčiá,M/F,,,A1
477,Adjectives,blind,A,,yes,a person with a white cane and dark glasses at a street crossing,aklas/akla,áklas/aklá,M/F,,,A1
478,Adjectives,nice,A,,yes,"a kind, pleasant young person helping a frail old lady cross a busy street, gently holding her arm and guiding her safely. Do not include any arrow.",malonus/maloni,malonús/maloní,M/F,,,A1
479,Adjectives,mean,A,,yes,a scowling unkind man sneering and roughly shoving a smaller timid person aside,piktas,,,,LT owner-confirmed 1.7.8,A2
480,Adjectives,rich,A,,yes,"a richly dressed man with a fine coat and full purse beside a man in patched clothes, a bold arrow marking the RICH man",turtingas/turtinga,turtíngas/turtínga,M/F,,,A1
481,Adjectives,poor,A,,yes,"a richly dressed man with a fine coat and full purse beside a man in patched clothes, a bold arrow marking the POOR man",neturtingas/neturtinga (vargšas),neturtíngas/neturtínga (várgšas),M/F,,colloq. biednas is nonstandard,A1
482,Adjectives,thick,A,,yes,"a thick book beside a thin book, a bold arrow marking the THICK one",storas/stora,stóras/storá,M/F,,,A1
483,Adjectives,thin,A,,yes,"a thick book beside a thin book, a bold arrow marking the THIN one",plonas/plona,plónas/ploná,M/F,,,A1
484,Adjectives,expensive,A,,yes,"two shelf items with coin stacks beneath — a crystal vase over a tall stack, a plain cup over one coin — a bold arrow marking the EXPENSIVE vase",brangus/brangi,brangús/brangí,M/F,,,A1
485,Adjectives,cheap,A,,yes,"two shelf items with coin stacks beneath — a crystal vase over a tall stack, a plain cup over one coin — a bold arrow marking the CHEAP cup",pigus/pigi,pigús/pigí,M/F,,,A1
486,Adjectives,flat,A,,yes,"a flat straight board beside a curved bent board, a bold arrow marking the FLAT one",plokščias/plokščia,plókščias/plokščiá,M/F,,,A1
487,Adjectives,curved,A,,yes,"a flat straight board beside a curved bent board, a bold arrow marking the CURVED one",išlenktas/išlenkta,išlénktas/išlenktá,M/F,,stress: CHECK,A1
488,Adjectives,male,A,,yes,"a man and a woman standing side by side, a bold arrow marking the MAN",vyriškas/vyriška,výriškas/výriška,M/F,,,A1
489,Adjectives,female,A,,yes,"a man and a woman standing side by side, a bold arrow marking the WOMAN",moteriškas/moteriška,móteriškas/móteriška,M/F,,,A1
490,Adjectives,tight,A,,yes,"a man wearing a suit that is far too TIGHT for him — the jacket buttons straining and bulging, the fabric pulled taut, sleeves and trousers pinched and too short",ankštas/ankšta,ánkštas/ankštá,M/F,,,A1
491,Adjectives,loose,A,,yes,"a man wearing a suit that is far too LOOSE and baggy — the jacket hanging off his shoulders, sleeves swallowing his hands, trousers pooling around his shoes; it is clearly several sizes too big",laisvas/laisva,laísvas/laisvá,M/F,,,A1
492,Adjectives,high,A,,yes,"two wall shelves, one high and one low, a worker reaching up, a bold arrow marking the HIGH shelf",aukštas/aukšta,aúkštas/aukštá,M/F,,,A1
493,Adjectives,low,A,,yes,"two wall shelves, one high and one low, a bold arrow marking the LOW shelf",žemas/žema,žémas/žemá,M/F,,,A1
494,Adjectives,soft,A,,yes,"a soft pillow with a hand pressing a deep dent beside a hard brick showing no dent, a bold arrow marking the SOFT pillow",minkštas/minkšta,mínkštas/minkštá,M/F,,,A1
495,Adjectives,hard,A,,yes,"a soft pillow with a hand pressing a deep dent beside a hard brick showing no dent, a bold arrow marking the HARD brick",kietas/kieta,kiétas/kietá,M/F,,,A1
496,Adjectives,deep,A,,yes,"a water cross-section showing a deep lake beside a shallow ford, depth lines, a bold arrow marking the DEEP water",gilus/gili,gilús/gilí,M/F,,,A1
497,Adjectives,shallow,A,,yes,"a water cross-section showing a deep lake beside a shallow ford, depth lines, a bold arrow marking the SHALLOW ford",seklus/sekli,seklús/seklí,M/F,,,A1
498,Adjectives,clean,A,,yes,"two plates, one sparkling clean and one dirty with stains, a bold arrow marking the CLEAN one",švarus/švari,švarús/švarí,M/F,,,A1
499,Adjectives,dirty,A,,yes,"a marked contrast of two dinner plates side by side, one clean and spotless, the other DIRTY with food smears and crumbs; a bold arrow points directly at the DIRTY plate",purvinas/purvina,púrvinas/púrvina,M/F,,,A1
500,Adjectives,strong,A,,yes,"a strong man lifting a heavy barbell beside a weak man struggling with a small dumbbell, a bold arrow marking the STRONG man",stiprus/stipri,stiprús/stiprí,M/F,,,A1
501,Adjectives,weak,A,,yes,"a strong man lifting a heavy barbell beside a weak man struggling with a small dumbbell, a bold arrow marking the WEAK man",silpnas/silpna,sílpnas/silpná,M/F,,,A1
502,Adjectives,dead,A,,yes,"a dead withered potted plant beside a living green one, a bold arrow marking the DEAD plant",negyvas/negyva,negývas/negyvá,M/F,,,A1
503,Adjectives,alive,A,,yes,"a dead withered potted plant beside a living green one, a bold arrow marking the LIVING plant",gyvas/gyva,gývas/gyvá,M/F,,,A1
504,Adjectives,heavy,A,,yes,"a worker bent under a heavy sack beside one strolling with a light parcel, a bold arrow marking the HEAVY sack",sunkus/sunki,sunkús/sunkí,M/F,,,A1
505,Adjectives,light-heavy,A,,yes,"a worker bent under a heavy sack beside one strolling with a light parcel, a bold arrow marking the LIGHT parcel",lengvas/lengva,léngvas/lengvá,M/F,,,A1
506,Adjectives,dark,A,,yes,"a split scene of a dark unlit room and a bright lamp-lit room, a bold arrow marking the DARK half",tamsus/tamsi,tamsús/tamsí,M/F,,,A1
507,Adjectives,light-dark,A,,yes,"a split scene of a dark unlit room and a bright lamp-lit room, a bold arrow marking the BRIGHT half",šviesus/šviesi,šviesús/šviesí,M/F,,,A1
508,Adjectives,nuclear,A,,yes,the yellow-and-black radiation trefoil symbol beside a nuclear cooling tower emitting steam,branduolinis,,,,LT owner-confirmed 1.7.8,A2
509,Adjectives,famous,A,,yes,a celebrated figure signing autographs amid an admiring crowd with flashing cameras,garsus,,,,LT owner-confirmed 1.7.8,A2
510,Pronouns,I,P,,yes,"a person pointing a thumb back at their own chest, a bold arrow on them (the speaker: I)",aš,,,,LT owner-confirmed 1.7.8,A2
511,Pronouns,you sg,P,,yes,"a person pointing a finger directly at one other person facing them, a bold arrow on the addressed person (you)",tu,,,,LT owner-confirmed 1.7.8,A2
512,Pronouns,he,P,,yes,"a speaker pointing aside at a single man, a bold arrow on the man (he)",jis,,,,LT owner-confirmed 1.7.8,A2
513,Pronouns,she,P,,yes,"a speaker pointing aside at a single woman, a bold arrow on the woman (she)",ji,,,,LT owner-confirmed 1.7.8,A2
514,Pronouns,it,P,,yes,"a person pointing down at an object — a ball — on the ground, a bold arrow on the object (it)",tai,,,,LT owner-confirmed 1.7.8,A2
515,Pronouns,we,P,,yes,"a person gesturing an encircling sweep around a small group that includes themselves, a bold arrow around the group (we)",mes,,,,LT owner-confirmed 1.7.8,A2
516,Pronouns,you pl,P,,yes,"a speaker gesturing with open arms at a facing group of several people, a bold arrow on the group (you plural)",jūs,,,,LT owner-confirmed 1.7.8,A2
517,Pronouns,they,P,,yes,"a speaker pointing at a distant separate group of people, a bold arrow on that group (they)",jie,,,,LT owner-confirmed 1.7.8,A2
518,Adjectives,red,A,,superseded,"a group of plain red objects — an apple, a fire bucket, a ribbon",raudonas/raudona,raudónas/raudóna,M/F,,"superseded by Color row 69 (decision Q1, files 1.6.1)",A1
519,Adjectives,green,A,,superseded,"a group of plain green objects — a leaf, a cucumber, a glass bottle",žalias/žalia,žálias/žaliá,M/F,,"superseded by Color row 70 (decision Q1, files 1.6.1)",A1
520,Adjectives,blue,A,,superseded,"a group of plain blue objects — an enamel mug, work coveralls, a cornflower",mėlynas/mėlyna,mė́lynas/mė́lyna,M/F,,"superseded by Color row 71 (decision Q1, files 1.6.1)",A1
521,Adjectives,yellow,A,,superseded,"a group of plain yellow objects — a lemon, amber beads, ripe wheat",geltonas/geltona,geltónas/geltóna,M/F,,"superseded by Color row 72 (decision Q1, files 1.6.1)",A1
522,Adjectives,brown,A,,superseded,"a group of plain brown objects — a loaf of bread, a leather boot, a chestnut",rudas/ruda,rúdas/rudá,M/F,,"superseded by Color row 73 (decision Q1, files 1.6.1)",A1
523,Adjectives,pink,A,,superseded,"a group of plain pink objects — a piglet, a rose, a scarf",rožinis/rožinė,róžinis/róžinė,M/F,,"superseded by Color row 74 (decision Q1, files 1.6.1)",A1
524,Adjectives,orange,A,,superseded,"a group of plain orange objects — an orange, a carrot, a fox",oranžinis/oranžinė,oránžinis/oránžinė,M/F,,"superseded by Color row 75 (decision Q1, files 1.6.1)",A1
525,Adjectives,black,A,,superseded,"a group of plain black objects — a lump of coal, rubber work boots, a black cat",juodas/juoda,juódas/juodá,M/F,,"superseded by Color row 76 (decision Q1, files 1.6.1)",A1
526,Adjectives,white,A,,superseded,"a group of plain white objects — a goose, a stick of chalk, an enamel basin",baltas/balta,báltas/baltá,M/F,,"superseded by Color row 77 (decision Q1, files 1.6.1)",A1
527,Adjectives,gray,A,,superseded,"a group of plain gray objects — a mouse, a woolen sock, an overcast cloud",pilkas/pilka,pílkas/pilká,M/F,,"superseded by Color row 78 (decision Q1, files 1.6.1)",A1
528,Verbs,feed (animals),V,,yes,a farm worker tipping feed from a bucket into a trough as pigs and cattle eat,šerti,SHER-ti,,,new,A2
529,Verbs,feed (birds),V,,yes,a woman scattering grain from her apron to hens and chickens pecking at her feet in a farmyard,lesinti,LE-sin-ti,,,new,A2
530,Verbs,melt (something),V,,yes,a foundry worker melting solid metal into glowing molten liquid,lydyti,lýdyti,,,transitive counterpart of 398 tirpti (intransitive melt); owner-requested 1.7.7,A1
